S.No,Title,Uploaded Date,Total Comments,Views,Positive Comments,Neutral Comments,Negative Comments
1,Post 1,2025-02-21,380,3433,189,82,88
2,Post 2,2025-02-12,137,6311,207,176,96
3,Post 3,2025-02-26,422,38819,290,27,64
4,Post 4,2025-03-02,149,40188,209,141,75
5,Post 5,2025-03-05,409,18568,194,98,48
6,Post 6,2025-02-12,201,20769,70,69,12
7,Post 7,2025-02-20,180,29693,74,23,51
8,Post 8,2025-03-06,199,7396,263,18,39
9,Post 9,2025-02-15,358,28480,150,99,82
10,Post 10,2025-02-22,307,42434,154,62,85
11,Post 11,2025-02-18,393,26658,40,139,40
