kind,etag,id,channelId,videoId,kind,etag,id,channelId,videoId,textDisplay,textOriginal,authorDisplayName,authorProfileImageUrl,authorChannelUrl,authorChannelId,canRate,viewerRating,likeCount,publishedAt,updatedAt,canReply,totalReplyCount,isPublic,replies
youtube#commentThread,aGyd6qB5fchzsBMgKXk-R1GXkNo,UgydmeyHomN2mrif9S14AaABAg,UC5I6U4WuS_qYQZhrMExJ5ZQ,YbU7_ojR04U,youtube#comment,-c6sWf7wcjY9P8AgWpdmXEaqWlQ,UgydmeyHomN2mrif9S14AaABAg,UC5I6U4WuS_qYQZhrMExJ5ZQ,YbU7_ojR04U,Congratulations on buying your new beautiful home.,Congratulations on buying your new beautiful home.,@niluferwajeeh4352,https://yt3.ggpht.com/ytc/AIdro_kELp7z4daYKaiQ2X_BsyC48CD8sJRLO7jfR3j0Cvo=s48-c-k-c0x00ffffff-no-rj,http://www.youtube.com/@niluferwajeeh4352,UCgijxCz0TO9oPry0xZgTG2A,True,none,0,2025-03-02T13:35:45Z,2025-03-02T13:35:45Z,True,0,True,
youtube#commentThread,Kepm8UiZL4hefQWFLfDUBP4oNqw,UgyZyZZfnaQtwl_Dget4AaABAg,UC5I6U4WuS_qYQZhrMExJ5ZQ,YbU7_ojR04U,youtube#comment,PZrNapggZtpngCQYMGlg9hfE0VQ,UgyZyZZfnaQtwl_Dget4AaABAg,UC5I6U4WuS_qYQZhrMExJ5ZQ,YbU7_ojR04U,Congratulations ji god bless you it’s so beautiful home 🙏🙏,Congratulations ji god bless you it’s so beautiful home 🙏🙏,@AvtarKaur-q6e,https://yt3.ggpht.com/ytc/AIdro_lN1r14JyVE1HV827fOA4jwcUpML9JATe2vub3wBZwgdO1_u1mEpcWHSejRd9oj5lcaaA=s48-c-k-c0x00ffffff-no-rj,http://www.youtube.com/@AvtarKaur-q6e,UCl0jdWtzAmDps0z7fnoQOAw,True,none,0,2025-02-16T21:24:38Z,2025-02-16T21:24:38Z,True,0,True,
youtube#commentThread,9N-z_wTEkF3SIA5UZcaFYgX4Z8E,Ugy3ZhP6TswhgKhlEK94AaABAg,UC5I6U4WuS_qYQZhrMExJ5ZQ,YbU7_ojR04U,youtube#comment,tWPtjxIeIIbL2dFEtF0F0BFz2KM,Ugy3ZhP6TswhgKhlEK94AaABAg,UC5I6U4WuS_qYQZhrMExJ5ZQ,YbU7_ojR04U,I really like the video ❤,I really like the video ❤,@TwinkleSood-sf6ji,https://yt3.ggpht.com/ytc/AIdro_kZuilMfxj5PImZM1A3I8BnU3xb8QbnaemgnBUQDMYq2DP9oL_IKvimuDh7U2oAw-yNMA=s48-c-k-c0x00ffffff-no-rj,http://www.youtube.com/@TwinkleSood-sf6ji,UCKi5MWXWAfBTKrbC6WTXRUw,True,none,0,2025-02-09T17:36:30Z,2025-02-09T17:36:30Z,True,0,True,
youtube#commentThread,2R887YZiST-0N5UCBivgg2AsoZc,UgzLua6VvX5_PeQiBM94AaABAg,UC5I6U4WuS_qYQZhrMExJ5ZQ,YbU7_ojR04U,youtube#comment,Kw-DRvyvyERA-Nj9cx5oMBoT0Y0,UgzLua6VvX5_PeQiBM94AaABAg,UC5I6U4WuS_qYQZhrMExJ5ZQ,YbU7_ojR04U,Where is the dinning table from?,Where is the dinning table from?,@desouzasigrid,https://yt3.ggpht.com/_pS663JkspjEE6dtRzHOpLA1DRkcYsaxRWWi7f3IS1-BeheSXqJUaANftdvbrqDhn7xbWZqb7w=s48-c-k-c0x00ffffff-no-rj,http://www.youtube.com/@desouzasigrid,UCpXa8pk1ruW8S7bTfLhG53A,True,none,0,2025-02-09T12:02:31Z,2025-02-09T12:02:31Z,True,0,True,
youtube#commentThread,6lhnD_pTkjNu6EEB4CX_oeVpYPA,UgwBvEroTcpjDs0nd094AaABAg,UC5I6U4WuS_qYQZhrMExJ5ZQ,YbU7_ojR04U,youtube#comment,X5hqrkVgROGzBackbrFdKBNSxCk,UgwBvEroTcpjDs0nd094AaABAg,UC5I6U4WuS_qYQZhrMExJ5ZQ,YbU7_ojR04U,"Heartiest congratulations to both of you, Lovely house !!","Heartiest congratulations to both of you, Lovely house !!",@arorasus,https://yt3.ggpht.com/ytc/AIdro_kKEwnXVsxhtk1iiFy3R5bCO02fp1M7pXJZfqjJAA0M9A=s48-c-k-c0x00ffffff-no-rj,http://www.youtube.com/@arorasus,UCLxaknPUtV7bvZhXKQtCxUQ,True,none,0,2025-02-07T22:08:27Z,2025-02-07T22:08:27Z,True,0,True,
youtube#commentThread,rcXJiruzh8Zvgz7vgWz1Q0yWgio,UgxxMyVT81TanZwHIVB4AaABAg,UC5I6U4WuS_qYQZhrMExJ5ZQ,YbU7_ojR04U,youtube#comment,MPHU5aa0QF5_NrVfVGG3GVVWBAI,UgxxMyVT81TanZwHIVB4AaABAg,UC5I6U4WuS_qYQZhrMExJ5ZQ,YbU7_ojR04U,which town is that ? if you mind asking please,which town is that ? if you mind asking please,@MeeraHusain,https://yt3.ggpht.com/Pkvu-8ZnGjpBULAtL2n4rNpiDVPCt4LcZ4snLbuUuapO7REapCpF2dIiSdmTx8uhvWcTK013LQ=s48-c-k-c0x00ffffff-no-rj,http://www.youtube.com/@MeeraHusain,UCp3ukvbxUDPiOPjWxXfUPsA,True,none,0,2025-02-02T17:47:12Z,2025-02-02T17:47:12Z,True,0,True,
youtube#commentThread,qyy89c2zjUo1hwKjno4jSpQkcZY,Ugz760JCDpILlZsuolZ4AaABAg,UC5I6U4WuS_qYQZhrMExJ5ZQ,YbU7_ojR04U,youtube#comment,XnvhfIwuXP48rNlyAQZx2_2TB1A,Ugz760JCDpILlZsuolZ4AaABAg,UC5I6U4WuS_qYQZhrMExJ5ZQ,YbU7_ojR04U,Where did you buy chair table pls 😊,Where did you buy chair table pls 😊,@monichowdhury9233,https://yt3.ggpht.com/ytc/AIdro_kEL5MrxLrjP9keOqwf9QenyEUg8meYBJcD0ynHBDdf6Q=s48-c-k-c0x00ffffff-no-rj,http://www.youtube.com/@monichowdhury9233,UCpNuxRBhGPQsrfHgwnSWnNg,True,none,0,2025-01-28T18:36:03Z,2025-01-28T18:36:03Z,True,0,True,
youtube#commentThread,E2JQRgrzdURZPYWYv4uynnYHDkk,Ugze5jlS2Fpa2wUE9ux4AaABAg,UC5I6U4WuS_qYQZhrMExJ5ZQ,YbU7_ojR04U,youtube#comment,TFj8Uqv-SqCu5N0jee9v2e6eYRc,Ugze5jlS2Fpa2wUE9ux4AaABAg,UC5I6U4WuS_qYQZhrMExJ5ZQ,YbU7_ojR04U,"Hi Avi and Gaurav, wanted to ask where did you order the dining table from ?","Hi Avi and Gaurav, wanted to ask where did you order the dining table from ?",@mitishah2393,https://yt3.ggpht.com/ytc/AIdro_m9UodOO7GOw3TDZF6vFewhQ2djQtmb0-X-Oi5P22b98rQ=s48-c-k-c0x00ffffff-no-rj,http://www.youtube.com/@mitishah2393,UC100vCnci08ZvEcIM1js_Mg,True,none,0,2025-01-08T16:34:48Z,2025-01-08T16:34:48Z,True,1,True,"[{'kind': 'youtube#comment', 'etag': '6GOG3MItrytNtP65S2zoP97Cj5U', 'id': 'Ugze5jlS2Fpa2wUE9ux4AaABAg.AD24hRfAaBiAD2AchfNP_o', 'snippet': {'channelId': 'UC5I6U4WuS_qYQZhrMExJ5ZQ', 'videoId': 'YbU7_ojR04U', 'textDisplay': 'Furniture village 😊🙌🏼', 'textOriginal': 'Furniture village 😊🙌🏼', 'parentId': 'Ugze5jlS2Fpa2wUE9ux4AaABAg', 'authorDisplayName': '@HumTumInEngland', 'authorProfileImageUrl': 'https://yt3.ggpht.com/ytc/AIdro_mIVnmubX06T2N-2hDLKgO-x0jr1GAfCjKNRJ-D6zJSaw=s48-c-k-c0x00ffffff-no-rj', 'authorChannelUrl': 'http://www.youtube.com/@HumTumInEngland', 'authorChannelId': {'value': 'UC5I6U4WuS_qYQZhrMExJ5ZQ'}, 'canRate': True, 'viewerRating': 'none', 'likeCount': 0, 'publishedAt': '2025-01-08T17:26:35Z', 'updatedAt': '2025-01-08T17:26:35Z'}}]"
youtube#commentThread,s9ZLdobgTx_0HFQ6C4WDsb7s-nU,UgxAB9dMT6TvKgyYIy14AaABAg,UC5I6U4WuS_qYQZhrMExJ5ZQ,YbU7_ojR04U,youtube#comment,iIlAKLF8m7EI7u4sd8-ngt8vcgY,UgxAB9dMT6TvKgyYIy14AaABAg,UC5I6U4WuS_qYQZhrMExJ5ZQ,YbU7_ojR04U,"congratulations , very sweet couple . बहुत ही सुंदर घर है आपका , या यूं कह सकते हैं सपनों का घर ,","congratulations , very sweet couple . बहुत ही सुंदर घर है आपका , या यूं कह सकते हैं सपनों का घर ,",@Bhupendra_officalvlog543,https://yt3.ggpht.com/z9rBPO_v_2O4FOGSpSjHsbGP8pfqsJprS94O6szRsa_-n25sLhp9iIl1s1A0MUVn5_DlrATkPg=s48-c-k-c0x00ffffff-no-rj,http://www.youtube.com/@Bhupendra_officalvlog543,UCYioDHfj-POwdJLJbiXy_tQ,True,none,0,2025-01-03T13:38:50Z,2025-01-03T13:38:50Z,True,0,True,
youtube#commentThread,MZl6p486mq25fWeYVPEhLIyjcrY,Ugz06GRnPrrtwe3pgzF4AaABAg,UC5I6U4WuS_qYQZhrMExJ5ZQ,YbU7_ojR04U,youtube#comment,4OqYyASv454POkTIqAmtG2yMKTg,Ugz06GRnPrrtwe3pgzF4AaABAg,UC5I6U4WuS_qYQZhrMExJ5ZQ,YbU7_ojR04U,Which  city you belong?,Which  city you belong?,@HaseebsahibSahi,https://yt3.ggpht.com/ytc/AIdro_krOvw37jTzdXxKx9LLxqthA0TYsfEMIBqW17GhNiJZj6fAXWZX5VrvzLyMIgKzxEDtDw=s48-c-k-c0x00ffffff-no-rj,http://www.youtube.com/@HaseebsahibSahi,UCYXGovFQTZyBbyGZ99Q2HXg,True,none,0,2024-12-24T13:00:24Z,2024-12-24T13:00:24Z,True,0,True,
youtube#commentThread,AJ_GxSp_Lp3Nd2XVLWJslrtjgqg,UgyEXxAOyK4BxRvipmF4AaABAg,UC5I6U4WuS_qYQZhrMExJ5ZQ,YbU7_ojR04U,youtube#comment,Vwk2jkXwnUJnyYijc0exqyue9U0,UgyEXxAOyK4BxRvipmF4AaABAg,UC5I6U4WuS_qYQZhrMExJ5ZQ,YbU7_ojR04U,Where from you bought dining table plz reply,Where from you bought dining table plz reply,@marvi2427,https://yt3.ggpht.com/ytc/AIdro_mWTr7xs0XQjDVGLlgoRSYIEWrJ_mAVEmv0hSDGWUCzPr83=s48-c-k-c0x00ffffff-no-rj,http://www.youtube.com/@marvi2427,UC3cQKk1N2oCYORFGuUV29pA,True,none,0,2024-12-23T22:39:19Z,2024-12-23T22:39:19Z,True,0,True,
youtube#commentThread,flp2RnCP9c-9lbPEsZrU8zQuBiU,Ugx6YlFIGemrWpybZZV4AaABAg,UC5I6U4WuS_qYQZhrMExJ5ZQ,YbU7_ojR04U,youtube#comment,I487EMYn1kP96smkTqPlilsOmkc,Ugx6YlFIGemrWpybZZV4AaABAg,UC5I6U4WuS_qYQZhrMExJ5ZQ,YbU7_ojR04U,congrats brother shukar hai malik ka kai mjhe ate hy mera best aprtment mill gya tha jo mera apna hai,congrats brother shukar hai malik ka kai mjhe ate hy mera best aprtment mill gya tha jo mera apna hai,@ELPASO1197,https://yt3.ggpht.com/ytc/AIdro_m4_O0g9wSdttc8JeK2JoONYWhQAcxjXxrtbrb7U7otGFg=s48-c-k-c0x00ffffff-no-rj,http://www.youtube.com/@ELPASO1197,UCCqkrLdwbmpuIWag9wXw8Iw,True,none,0,2024-12-21T14:23:37Z,2024-12-21T14:23:37Z,True,0,True,
youtube#commentThread,V6-hAgglTFSEXxJ60zTUz9Fh6A0,UgxshXzY3EtfxOQuLOp4AaABAg,UC5I6U4WuS_qYQZhrMExJ5ZQ,YbU7_ojR04U,youtube#comment,dM_ECv9PPwAaFmh3jniNh0lHBZc,UgxshXzY3EtfxOQuLOp4AaABAg,UC5I6U4WuS_qYQZhrMExJ5ZQ,YbU7_ojR04U,Sort through the items and keep that you need <br>👍🏼,"Sort through the items and keep that you need 
👍🏼",@NeelamNaseem60,https://yt3.ggpht.com/xnXtYx-qyXkXn-PNZ4FguyFse_HJWALpLuIsWRB3nut_sJu4KQ4Qtkl8haYPV7-3E3LoRUiY=s48-c-k-c0x00ffffff-no-rj,http://www.youtube.com/@NeelamNaseem60,UCCG1DmXKFCvDuA0PTm4IxYQ,True,none,0,2024-12-18T18:17:50Z,2024-12-18T18:17:50Z,True,0,True,
youtube#commentThread,Sukc3dzZCnmct3Qz7C5-r5E-uzA,UgyQNQLMwFBpWixPHlp4AaABAg,UC5I6U4WuS_qYQZhrMExJ5ZQ,YbU7_ojR04U,youtube#comment,hlJBkcfHi8mRYWETkiysD1PoEag,UgyQNQLMwFBpWixPHlp4AaABAg,UC5I6U4WuS_qYQZhrMExJ5ZQ,YbU7_ojR04U,A nice message Enjoy unpacking Removal Vans Are Available for moving into your new home,A nice message Enjoy unpacking Removal Vans Are Available for moving into your new home,@NeelamNaseem60,https://yt3.ggpht.com/xnXtYx-qyXkXn-PNZ4FguyFse_HJWALpLuIsWRB3nut_sJu4KQ4Qtkl8haYPV7-3E3LoRUiY=s48-c-k-c0x00ffffff-no-rj,http://www.youtube.com/@NeelamNaseem60,UCCG1DmXKFCvDuA0PTm4IxYQ,True,none,0,2024-12-18T18:16:16Z,2024-12-18T18:16:16Z,True,0,True,
youtube#commentThread,HT0AG5J8MgKJO92ivNztMVRNKjQ,Ugxfl_seSdjFd_PWKWp4AaABAg,UC5I6U4WuS_qYQZhrMExJ5ZQ,YbU7_ojR04U,youtube#comment,JLqWRAcJyrzMkh3Yg-Va-z9Y_48,Ugxfl_seSdjFd_PWKWp4AaABAg,UC5I6U4WuS_qYQZhrMExJ5ZQ,YbU7_ojR04U,Hello <br>I love your vlogs ❤<br>Where did you get your dining table .?,"Hello 
I love your vlogs ❤
Where did you get your dining table .?",@monishaagarwaltvs5709,https://yt3.ggpht.com/ytc/AIdro_lkj151yueX9mzOl5ooeVQWUI-Ip66aWVb6Ex7TjN3I9w=s48-c-k-c0x00ffffff-no-rj,http://www.youtube.com/@monishaagarwaltvs5709,UCjwrq0jkvkWKJ_-Lf6ZE9Sw,True,none,0,2024-12-17T13:28:34Z,2024-12-17T13:28:34Z,True,1,True,"[{'kind': 'youtube#comment', 'etag': 'zN6HkWUBuz6JvZi5gucJ0SBWLw0', 'id': 'Ugxfl_seSdjFd_PWKWp4AaABAg.AC95u3fwQD-AC96v5rekdU', 'snippet': {'channelId': 'UC5I6U4WuS_qYQZhrMExJ5ZQ', 'videoId': 'YbU7_ojR04U', 'textDisplay': 'Furniture village 🙌🏼 thanks ❤️', 'textOriginal': 'Furniture village 🙌🏼 thanks ❤️', 'parentId': 'Ugxfl_seSdjFd_PWKWp4AaABAg', 'authorDisplayName': '@HumTumInEngland', 'authorProfileImageUrl': 'https://yt3.ggpht.com/ytc/AIdro_mIVnmubX06T2N-2hDLKgO-x0jr1GAfCjKNRJ-D6zJSaw=s48-c-k-c0x00ffffff-no-rj', 'authorChannelUrl': 'http://www.youtube.com/@HumTumInEngland', 'authorChannelId': {'value': 'UC5I6U4WuS_qYQZhrMExJ5ZQ'}, 'canRate': True, 'viewerRating': 'none', 'likeCount': 0, 'publishedAt': '2024-12-17T13:37:26Z', 'updatedAt': '2024-12-17T13:37:26Z'}}]"
youtube#commentThread,qjJcO2ZpwXXc1kCm8Pw7gQfNyts,UgyZ-Cb9Mm2BQElT2Ul4AaABAg,UC5I6U4WuS_qYQZhrMExJ5ZQ,YbU7_ojR04U,youtube#comment,b_defr_uSqN41o1R6hXzrTYbph4,UgyZ-Cb9Mm2BQElT2Ul4AaABAg,UC5I6U4WuS_qYQZhrMExJ5ZQ,YbU7_ojR04U,Congratulations Gaurav Veer ji and didi from new Home 🙏,Congratulations Gaurav Veer ji and didi from new Home 🙏,@SatpalSingh-mk0333,https://yt3.ggpht.com/sjyFKZGuzCyNkmvGgpa2gE2pawKcqRNNpTdEdnrsTs-1I_4wLCzDSWz4hLm-xCzrXo34Iv9KIA=s48-c-k-c0x00ffffff-no-rj,http://www.youtube.com/@SatpalSingh-mk0333,UCr5HCLpZWdC4yGAR3jeDcqw,True,none,0,2024-12-16T05:40:57Z,2024-12-16T05:40:57Z,True,0,True,
youtube#commentThread,SY-st-VDAuZci5Q0EqMI2GOlIb0,Ugw4WmoF2r0OKA6XkWJ4AaABAg,UC5I6U4WuS_qYQZhrMExJ5ZQ,YbU7_ojR04U,youtube#comment,K5u_iJR9ipOM1dO1fDv9Si5j_f4,Ugw4WmoF2r0OKA6XkWJ4AaABAg,UC5I6U4WuS_qYQZhrMExJ5ZQ,YbU7_ojR04U,Congratulationsboth of you&amp;nice house,Congratulationsboth of you&nice house,@vanitapatel7045,https://yt3.ggpht.com/ytc/AIdro_m-xC8yngRKOLknFiUmZRIshFNb5n9YnWY9SkOs6Qc=s48-c-k-c0x00ffffff-no-rj,http://www.youtube.com/@vanitapatel7045,UCTqsP7cMjWxHaXcxRfSTEcg,True,none,0,2024-11-27T07:22:03Z,2024-11-27T07:22:03Z,True,0,True,
youtube#commentThread,fODxJg-7O4Ak50g3YCJG_XhwBhY,UgyUCv8A_anOpI34G-Z4AaABAg,UC5I6U4WuS_qYQZhrMExJ5ZQ,YbU7_ojR04U,youtube#comment,olMGLXop64mfXiK4LzwUTuLGUtQ,UgyUCv8A_anOpI34G-Z4AaABAg,UC5I6U4WuS_qYQZhrMExJ5ZQ,YbU7_ojR04U,Which part of Uk is this,Which part of Uk is this,@cliffordfernandes7832,https://yt3.ggpht.com/ytc/AIdro_lusCjTk-Ey6CKGxbYIpY3B_AqqLEOh9SdItSOC6IQ=s48-c-k-c0x00ffffff-no-rj,http://www.youtube.com/@cliffordfernandes7832,UCSUYoUHYx5ZCv4qa6dDh3ng,True,none,0,2024-11-11T21:31:14Z,2024-11-11T21:31:14Z,True,0,True,
youtube#commentThread,y-NUb-q9lOECqxSIbKBR4Ko5mKo,UgwrOnsF3DK0Ae5QtvR4AaABAg,UC5I6U4WuS_qYQZhrMExJ5ZQ,YbU7_ojR04U,youtube#comment,NZjkAH9L-bmCx6tfUHK60N97xrw,UgwrOnsF3DK0Ae5QtvR4AaABAg,UC5I6U4WuS_qYQZhrMExJ5ZQ,YbU7_ojR04U,You guys are amazing and your house is a dream come true,You guys are amazing and your house is a dream come true,@cliffordfernandes7832,https://yt3.ggpht.com/ytc/AIdro_lusCjTk-Ey6CKGxbYIpY3B_AqqLEOh9SdItSOC6IQ=s48-c-k-c0x00ffffff-no-rj,http://www.youtube.com/@cliffordfernandes7832,UCSUYoUHYx5ZCv4qa6dDh3ng,True,none,0,2024-11-11T21:30:04Z,2024-11-11T21:30:04Z,True,0,True,
youtube#commentThread,3LvlkOGEpvbP4XkYoMwQe-bGxmI,UgwJOMwYDgt9JEdkr7p4AaABAg,UC5I6U4WuS_qYQZhrMExJ5ZQ,YbU7_ojR04U,youtube#comment,imMePnVSrwJMqqC2hIznNspAIKA,UgwJOMwYDgt9JEdkr7p4AaABAg,UC5I6U4WuS_qYQZhrMExJ5ZQ,YbU7_ojR04U,Can u tell us about first home buyer scheme? Are there any discounts offered to first time home buyers?,Can u tell us about first home buyer scheme? Are there any discounts offered to first time home buyers?,@hafsaamjad1671,https://yt3.ggpht.com/7ZVFO_SW-9iWapQb4fJESGfiydIdM7XRcJQ52m_Frt7PU1lgQ7Pn8C7S3Cb6gwn_zxSANbq9ig=s48-c-k-c0x00ffffff-no-rj,http://www.youtube.com/@hafsaamjad1671,UCdZFyD8sqkq5BEMsQUwgvEQ,True,none,0,2024-10-26T09:51:05Z,2024-10-26T09:51:05Z,True,0,True,
youtube#commentThread,J7oa2O8lNgnNscz5o_SE1qwsONI,Ugwq3kenlXVg2uknbpx4AaABAg,UC5I6U4WuS_qYQZhrMExJ5ZQ,YbU7_ojR04U,youtube#comment,b_jrlAQpULNjCd7KZgmtyC-DHJ4,Ugwq3kenlXVg2uknbpx4AaABAg,UC5I6U4WuS_qYQZhrMExJ5ZQ,YbU7_ojR04U,Hey guys congratulations 🎉🎉…I was wondering where is this place in uk . All the houses that I have seen is always small,Hey guys congratulations 🎉🎉…I was wondering where is this place in uk . All the houses that I have seen is always small,@igniteloveglobalfoundation9786,https://yt3.ggpht.com/vIR6D2G7EjAa9ljYPMa-lHVXvtPJjFPaRAL_2MOcxBVDtk7LKkr2XiHOJ8ZptxfGn18UBM8_vw=s48-c-k-c0x00ffffff-no-rj,http://www.youtube.com/@igniteloveglobalfoundation9786,UC78pzYhqn8gEZg0-2vs5CXQ,True,none,0,2024-10-24T16:23:08Z,2024-10-24T16:23:08Z,True,0,True,
youtube#commentThread,NgZCo54xSVYNbnwAYkVSE9xvYqU,Ugw79d8NCYv608lEyFd4AaABAg,UC5I6U4WuS_qYQZhrMExJ5ZQ,YbU7_ojR04U,youtube#comment,fnKNDNq0i3qkyPzrwSp408Kvo0s,Ugw79d8NCYv608lEyFd4AaABAg,UC5I6U4WuS_qYQZhrMExJ5ZQ,YbU7_ojR04U,Dear friend ap ko first day new house min mubarak hu 🎉🎉🎉🎉🎉❤❤❤ masha allah see ❤,Dear friend ap ko first day new house min mubarak hu 🎉🎉🎉🎉🎉❤❤❤ masha allah see ❤,@atiyaazhar4541,https://yt3.ggpht.com/ytc/AIdro_mIq3VHfPUrGhS9seKsJqeGzc2vC6doz0-nM2OENLkRxafGhMnaFzOjB0stCwcIPBngbw=s48-c-k-c0x00ffffff-no-rj,http://www.youtube.com/@atiyaazhar4541,UCvn-6yZ4BLWcRJk1707EG1Q,True,none,0,2024-10-18T03:20:08Z,2024-10-18T03:20:08Z,True,0,True,
youtube#commentThread,wYjvpPsZ0M90e_FM9zJ3VMjquP0,Ugxn7_19ymqEorsvuJ54AaABAg,UC5I6U4WuS_qYQZhrMExJ5ZQ,YbU7_ojR04U,youtube#comment,s1WwoRK-JHa6d0MVH5Qdkx4BC3s,Ugxn7_19ymqEorsvuJ54AaABAg,UC5I6U4WuS_qYQZhrMExJ5ZQ,YbU7_ojR04U,😊😊😊,😊😊😊,@nayaabzamaney3770,https://yt3.ggpht.com/ytc/AIdro_nmczmmyY2weT42YDBi_KF6zD_B2HYn2x8leLF1Cih6wYQ=s48-c-k-c0x00ffffff-no-rj,http://www.youtube.com/@nayaabzamaney3770,UCyhGQUwwfg7hpVMgM7yydEA,True,none,0,2024-10-15T16:25:04Z,2024-10-15T16:25:04Z,True,0,True,
youtube#commentThread,-uiSFXykTYg44tTlqPIvstIgfv0,UgyU4jh0QxXyOHA3bSp4AaABAg,UC5I6U4WuS_qYQZhrMExJ5ZQ,YbU7_ojR04U,youtube#comment,Whr-WtZImaWBP-0EiMtKVKtx698,UgyU4jh0QxXyOHA3bSp4AaABAg,UC5I6U4WuS_qYQZhrMExJ5ZQ,YbU7_ojR04U,"V good video, you both make real videos with love. You r very humble,honest and helpful. &amp; U give useful information. God bless","V good video, you both make real videos with love. You r very humble,honest and helpful. & U give useful information. God bless",@yogitasharma1002,https://yt3.ggpht.com/ytc/AIdro_noPxGnoMZYRwWxIg6JSYtt-A6mG9xZuZEHsahnYPk=s48-c-k-c0x00ffffff-no-rj,http://www.youtube.com/@yogitasharma1002,UC62xe3yljDA2LhdQxN4q5Cg,True,none,0,2024-10-13T16:45:56Z,2024-10-13T16:45:56Z,True,0,True,
youtube#commentThread,e9Ah3Xzn49ljZWitwqDURHyefns,Ugyj7D4NrrtZQ7lEi_B4AaABAg,UC5I6U4WuS_qYQZhrMExJ5ZQ,YbU7_ojR04U,youtube#comment,kMc5zQ4jvDb8tMRq3Y6sBoqPYpw,Ugyj7D4NrrtZQ7lEi_B4AaABAg,UC5I6U4WuS_qYQZhrMExJ5ZQ,YbU7_ojR04U,Congratulations both of you for new House 🏠🥰🥰From Leicester ❤️,Congratulations both of you for new House 🏠🥰🥰From Leicester ❤️,@sonikaur4386,https://yt3.ggpht.com/j9v82WtBcFJn2IlVnZ-JvIMtxUMy3fzlUPWExaiEiViJ7-H8Y34_7z0uEJtl7xHUkWAiqZW5_A=s48-c-k-c0x00ffffff-no-rj,http://www.youtube.com/@sonikaur4386,UC9sXfFQ7fkJXGribL5LG5lA,True,none,0,2024-10-12T07:59:30Z,2024-10-12T07:59:30Z,True,0,True,
youtube#commentThread,vM_dnLN1WNP8DUJQLibD_r4m5pQ,Ugwrk7PxjXmk5vke4a14AaABAg,UC5I6U4WuS_qYQZhrMExJ5ZQ,YbU7_ojR04U,youtube#comment,2SznMkrjk-Tsc72v8tB8vduO63s,Ugwrk7PxjXmk5vke4a14AaABAg,UC5I6U4WuS_qYQZhrMExJ5ZQ,YbU7_ojR04U,"Hi, we are planning to buy home, but there is no gas supply available, its electric boiler installed in home. What to do if we just want gas hob instead of electric ?","Hi, we are planning to buy home, but there is no gas supply available, its electric boiler installed in home. What to do if we just want gas hob instead of electric ?",@MonikaVerma555,https://yt3.ggpht.com/NV_kGqpgFq2Jn_NkNVp2q3TwQqzKoU6_XmkL8DePAPm958yLqYiq4ptlFWmHP0a2oEi9JKkLCg=s48-c-k-c0x00ffffff-no-rj,http://www.youtube.com/@MonikaVerma555,UCGkTH4chHJGmFNBLDQA58Sg,True,none,0,2024-10-10T19:15:30Z,2024-10-10T19:15:30Z,True,0,True,
youtube#commentThread,WDNlIyTtpakdFspsOn8FK-M11dw,UgyAUGIHbLnafo5l1vZ4AaABAg,UC5I6U4WuS_qYQZhrMExJ5ZQ,YbU7_ojR04U,youtube#comment,CRJucnHnNNgHICon3DuJugBj7B4,UgyAUGIHbLnafo5l1vZ4AaABAg,UC5I6U4WuS_qYQZhrMExJ5ZQ,YbU7_ojR04U,Congratulations both of you <br>Cooker hood and hub which company  please tell me. Thank,"Congratulations both of you 
Cooker hood and hub which company  please tell me. Thank",@parminderdhillon9990,https://yt3.ggpht.com/ytc/AIdro_n5tzwFqJAF_4-FhVzd2SRe6bPuL7BorYeHahg6Xb4=s48-c-k-c0x00ffffff-no-rj,http://www.youtube.com/@parminderdhillon9990,UCgn4pdpRPwcKM5wUppiMsSw,True,none,0,2024-10-08T22:24:10Z,2024-10-08T22:24:10Z,True,1,True,"[{'kind': 'youtube#comment', 'etag': 'lgoX26KABh8htQzvp1Gtcrytj3o', 'id': 'UgyAUGIHbLnafo5l1vZ4AaABAg.A9LoYfzldbIA9MjWm4-W45', 'snippet': {'channelId': 'UC5I6U4WuS_qYQZhrMExJ5ZQ', 'videoId': 'YbU7_ojR04U', 'textDisplay': 'Thanks its from Neff', 'textOriginal': 'Thanks its from Neff', 'parentId': 'UgyAUGIHbLnafo5l1vZ4AaABAg', 'authorDisplayName': '@HumTumInEngland', 'authorProfileImageUrl': 'https://yt3.ggpht.com/ytc/AIdro_mIVnmubX06T2N-2hDLKgO-x0jr1GAfCjKNRJ-D6zJSaw=s48-c-k-c0x00ffffff-no-rj', 'authorChannelUrl': 'http://www.youtube.com/@HumTumInEngland', 'authorChannelId': {'value': 'UC5I6U4WuS_qYQZhrMExJ5ZQ'}, 'canRate': True, 'viewerRating': 'none', 'likeCount': 0, 'publishedAt': '2024-10-09T06:59:27Z', 'updatedAt': '2024-10-09T06:59:31Z'}}]"
youtube#commentThread,GiAygp_ufo7rrhkiJZsQihZH_HU,Ugx2O9JMuPAV0cTtcrt4AaABAg,UC5I6U4WuS_qYQZhrMExJ5ZQ,YbU7_ojR04U,youtube#comment,j6GIRbswpatg4GRBkAvVXYCpGSQ,Ugx2O9JMuPAV0cTtcrt4AaABAg,UC5I6U4WuS_qYQZhrMExJ5ZQ,YbU7_ojR04U,Satnam waheguru ji🙏<br>Congratulations🎉 by new home 🏠<br>Achieve greater heights in ur vlogs n life. 😊both cute ❤couples. <br>Lotsss of luv n support from🇮🇳 mumbai. India,"Satnam waheguru ji🙏
Congratulations🎉 by new home 🏠
Achieve greater heights in ur vlogs n life. 😊both cute ❤couples. 
Lotsss of luv n support from🇮🇳 mumbai. India",@Yashaaryan99,https://yt3.ggpht.com/DaQ87GnDZYYczYaqUjQyPamOjw-gxGoQYjFY3FJWXUvo3T_VWgnBlwbOCkBf0_MsqxI9VzTQKQ=s48-c-k-c0x00ffffff-no-rj,http://www.youtube.com/@Yashaaryan99,UCJ56VadMDHie8U4cjAhoX9w,True,none,0,2024-10-08T19:26:50Z,2024-10-08T19:26:50Z,True,1,True,"[{'kind': 'youtube#comment', 'etag': 'aJUk8229r9b5i1tttfA-BCZQvc0', 'id': 'Ugx2O9JMuPAV0cTtcrt4AaABAg.A9LVFtuBWHLA9LVkq-p_Ud', 'snippet': {'channelId': 'UC5I6U4WuS_qYQZhrMExJ5ZQ', 'videoId': 'YbU7_ojR04U', 'textDisplay': 'thanks a lot ❤️🙌🏼😊', 'textOriginal': 'thanks a lot ❤️🙌🏼😊', 'parentId': 'Ugx2O9JMuPAV0cTtcrt4AaABAg', 'authorDisplayName': '@HumTumInEngland', 'authorProfileImageUrl': 'https://yt3.ggpht.com/ytc/AIdro_mIVnmubX06T2N-2hDLKgO-x0jr1GAfCjKNRJ-D6zJSaw=s48-c-k-c0x00ffffff-no-rj', 'authorChannelUrl': 'http://www.youtube.com/@HumTumInEngland', 'authorChannelId': {'value': 'UC5I6U4WuS_qYQZhrMExJ5ZQ'}, 'canRate': True, 'viewerRating': 'none', 'likeCount': 0, 'publishedAt': '2024-10-08T19:31:12Z', 'updatedAt': '2024-10-08T19:31:12Z'}}]"
youtube#commentThread,5hPvoZ5yUrol3DC6Q9bK0keXtFI,Ugxn3ob8EFpPbIWChUp4AaABAg,UC5I6U4WuS_qYQZhrMExJ5ZQ,YbU7_ojR04U,youtube#comment,hrIeyW_DfvJEqyHTUOzYMhsQOvA,Ugxn3ob8EFpPbIWChUp4AaABAg,UC5I6U4WuS_qYQZhrMExJ5ZQ,YbU7_ojR04U,"Is this your second house, I remember you bought a house, a few years back.","Is this your second house, I remember you bought a house, a few years back.",@sajinatamang4369,https://yt3.ggpht.com/ytc/AIdro_kSrrhlpmTCLAap_Pvdh-DpQnVypyQXxiODIB7FXQ=s48-c-k-c0x00ffffff-no-rj,http://www.youtube.com/@sajinatamang4369,UCj09krNXNFzS26KUPSFCpQw,True,none,0,2024-10-08T11:02:58Z,2024-10-08T11:02:58Z,True,0,True,
youtube#commentThread,a-9Lff1_0x67YD0wap9GwVPSXnQ,UgxWCSoSz24eF7cMp_R4AaABAg,UC5I6U4WuS_qYQZhrMExJ5ZQ,YbU7_ojR04U,youtube#comment,Mvv9eace0pbG9_jILIdQIG8iBro,UgxWCSoSz24eF7cMp_R4AaABAg,UC5I6U4WuS_qYQZhrMExJ5ZQ,YbU7_ojR04U,Where is the house ? Which city?,Where is the house ? Which city?,@SonaliMohite-f4s,https://yt3.ggpht.com/ytc/AIdro_mGCcO77qRAILeeq23h9y6AoVb-S6jhNjs55xh4H1JqzRtYoueMFrSC8S9Y7lZhzF6Tww=s48-c-k-c0x00ffffff-no-rj,http://www.youtube.com/@SonaliMohite-f4s,UCuq4SvdDf-ZITJwvlbWi3fA,True,none,0,2024-10-07T12:29:42Z,2024-10-07T12:29:42Z,True,0,True,
youtube#commentThread,qjqpfAmE8EYwq2tWIgaZLt2LdlM,Ugz9o7tfhxBEeWemva14AaABAg,UC5I6U4WuS_qYQZhrMExJ5ZQ,YbU7_ojR04U,youtube#comment,-7lqf7rgQr4v12SXqJZ1kNtIa2Q,Ugz9o7tfhxBEeWemva14AaABAg,UC5I6U4WuS_qYQZhrMExJ5ZQ,YbU7_ojR04U,Hello. Liked the dinning table. could you please share link or name of brand you ordered from?,Hello. Liked the dinning table. could you please share link or name of brand you ordered from?,@rahulroy2671,https://yt3.ggpht.com/ytc/AIdro_nPZEoVLs0p5XANeBIkCRMWjxwTyQJSwnD2g3S0jIw=s48-c-k-c0x00ffffff-no-rj,http://www.youtube.com/@rahulroy2671,UC84_anG6qDBE4i9QXNhHFuA,True,none,0,2024-10-07T09:42:40Z,2024-10-07T09:42:40Z,True,0,True,
youtube#commentThread,g7HFltHQYOSHHWsGfkN_FyqHiNg,UgwZozLQC1rtCwmHv-54AaABAg,UC5I6U4WuS_qYQZhrMExJ5ZQ,YbU7_ojR04U,youtube#comment,4i92gm5SJkhVLJa56PTs9hZb8jw,UgwZozLQC1rtCwmHv-54AaABAg,UC5I6U4WuS_qYQZhrMExJ5ZQ,YbU7_ojR04U,Congratulations 🎊,Congratulations 🎊,@revatimahajan5321,https://yt3.ggpht.com/Rz4Ea69Iv5ad9fRY5zCmb0zwvO2BbPUNKUWkUlq0rJNViTX40J9XDgvowwH7up2EDvTHV3ICbg=s48-c-k-c0x00ffffff-no-rj,http://www.youtube.com/@revatimahajan5321,UCpda1ZRuEwPQ8zBeErWQJdQ,True,none,0,2024-10-06T21:11:31Z,2024-10-06T21:11:31Z,True,0,True,
youtube#commentThread,9PDjqKhmnbfR9k9g5D6uxQHbZ5o,UgwNmXu6ZyfhI7xdkLV4AaABAg,UC5I6U4WuS_qYQZhrMExJ5ZQ,YbU7_ojR04U,youtube#comment,vWAkmM8BZAPWOm9S_W-enedKXas,UgwNmXu6ZyfhI7xdkLV4AaABAg,UC5I6U4WuS_qYQZhrMExJ5ZQ,YbU7_ojR04U,Congratulations,Congratulations,@268abida,https://yt3.ggpht.com/ytc/AIdro_ldo_6j_3qhVVo1w-C-RybILbV58im0sYmlw94LZSc=s48-c-k-c0x00ffffff-no-rj,http://www.youtube.com/@268abida,UC7ft1vpNkrW9QGviZZKpM8w,True,none,0,2024-10-06T20:31:20Z,2024-10-06T20:31:20Z,True,0,True,
youtube#commentThread,euw0YIUm1o_t7WkH-h6r524Mm5c,UgxwAkXaJLNXMzKVeGZ4AaABAg,UC5I6U4WuS_qYQZhrMExJ5ZQ,YbU7_ojR04U,youtube#comment,mUu8ZMBtPgkYFGU0Jp6Nnaa8oqU,UgxwAkXaJLNXMzKVeGZ4AaABAg,UC5I6U4WuS_qYQZhrMExJ5ZQ,YbU7_ojR04U,Bohat zabardast ghar aur aap dono ki understanding its ❤️🌹 ayse hi rehna <br>Acha bache ? 😜,"Bohat zabardast ghar aur aap dono ki understanding its ❤️🌹 ayse hi rehna 
Acha bache ? 😜",@faridalukmanji105,https://yt3.ggpht.com/ytc/AIdro_lk_h2bnV5oxE2sRHDfoM9veBMVOLf0MLA-iifFGFE=s48-c-k-c0x00ffffff-no-rj,http://www.youtube.com/@faridalukmanji105,UCvJN4SJ4L8zW1xY1Djt9r1A,True,none,0,2024-10-05T19:43:01Z,2024-10-05T19:43:01Z,True,0,True,
youtube#commentThread,LWczcmwYYUgFyOSGZ2TgwNOIj38,Ugwoow0i5b86yFZGY5p4AaABAg,UC5I6U4WuS_qYQZhrMExJ5ZQ,YbU7_ojR04U,youtube#comment,91Lqz1WMasWNjvsJLB7gp_jT2Ak,Ugwoow0i5b86yFZGY5p4AaABAg,UC5I6U4WuS_qYQZhrMExJ5ZQ,YbU7_ojR04U,Congratulations you&#39;re new house God bless you 💐💅🌷,Congratulations you're new house God bless you 💐💅🌷,@vishurawat7363,https://yt3.ggpht.com/ytc/AIdro_mozDhk6wLFdEQqm2VeqCBhG3eG9ZEGruZM-dBjdL0=s48-c-k-c0x00ffffff-no-rj,http://www.youtube.com/@vishurawat7363,UCpMuoq6YAvbOt7REPEyi5Ug,True,none,0,2024-10-05T08:15:15Z,2024-10-05T08:15:15Z,True,1,True,"[{'kind': 'youtube#comment', 'etag': 'AInkqiWc1Rt5HEOaHV_gHSaUU_E', 'id': 'Ugwoow0i5b86yFZGY5p4AaABAg.A9C_0Oqa_GiA9CbATOXx1r', 'snippet': {'channelId': 'UC5I6U4WuS_qYQZhrMExJ5ZQ', 'videoId': 'YbU7_ojR04U', 'textDisplay': 'Thank you so much 😊', 'textOriginal': 'Thank you so much 😊', 'parentId': 'Ugwoow0i5b86yFZGY5p4AaABAg', 'authorDisplayName': '@HumTumInEngland', 'authorProfileImageUrl': 'https://yt3.ggpht.com/ytc/AIdro_mIVnmubX06T2N-2hDLKgO-x0jr1GAfCjKNRJ-D6zJSaw=s48-c-k-c0x00ffffff-no-rj', 'authorChannelUrl': 'http://www.youtube.com/@HumTumInEngland', 'authorChannelId': {'value': 'UC5I6U4WuS_qYQZhrMExJ5ZQ'}, 'canRate': True, 'viewerRating': 'none', 'likeCount': 0, 'publishedAt': '2024-10-05T08:34:06Z', 'updatedAt': '2024-10-05T08:34:06Z'}}]"
youtube#commentThread,cuo72m0oYhkAcpyo_1jBB5e4Itk,UgxAg6M7ZjcmpoyAHgt4AaABAg,UC5I6U4WuS_qYQZhrMExJ5ZQ,YbU7_ojR04U,youtube#comment,jvKcSr2j96BkQiYlY_aIiKhr5ik,UgxAg6M7ZjcmpoyAHgt4AaABAg,UC5I6U4WuS_qYQZhrMExJ5ZQ,YbU7_ojR04U,Congratulations,Congratulations,@Vipan.K,https://yt3.ggpht.com/ytc/AIdro_kDVsj9hLvoBQOLzjE2nL1bDBX9GW_KSmsdaKSmAdiuJmsO7Wk2UinkxnzouI6qS8O9Pg=s48-c-k-c0x00ffffff-no-rj,http://www.youtube.com/@Vipan.K,UCmHPbcQbsedJFnw0kAZptXQ,True,none,0,2024-10-04T21:27:37Z,2024-10-04T21:27:37Z,True,0,True,
youtube#commentThread,bfyhJs4jcb1-in10elrOw2Lbzr8,UgzfNrQQc3Vfjk65hZV4AaABAg,UC5I6U4WuS_qYQZhrMExJ5ZQ,YbU7_ojR04U,youtube#comment,YkT9Vfb7oZUUOyfwATmkwSM0Dho,UgzfNrQQc3Vfjk65hZV4AaABAg,UC5I6U4WuS_qYQZhrMExJ5ZQ,YbU7_ojR04U,"Does anyone recognise the new house type please, these guys are not even revealing builder name and house model. Asked so many times.","Does anyone recognise the new house type please, these guys are not even revealing builder name and house model. Asked so many times.",@Boss-yk7hn,https://yt3.ggpht.com/bsYgxvzvX0lBf7lWbXk9dM7qjssgI30g1kpFhkQsv7C3INjMlEq_0be5kSpVCEt4_g_mCHrCUg=s48-c-k-c0x00ffffff-no-rj,http://www.youtube.com/@Boss-yk7hn,UCgTCiadXhUKF0WmQqqarG9Q,True,none,0,2024-10-04T21:07:27Z,2024-10-04T21:07:27Z,True,0,True,
youtube#commentThread,8Ph8G83BZdnWvupWD_FEofyQg9c,UgwDfHCnthfdIoZLlAF4AaABAg,UC5I6U4WuS_qYQZhrMExJ5ZQ,YbU7_ojR04U,youtube#comment,ObUuP6oAHza_U5ePfDD6gG2bVo0,UgwDfHCnthfdIoZLlAF4AaABAg,UC5I6U4WuS_qYQZhrMExJ5ZQ,YbU7_ojR04U,Hi<br>Where did you buy your dining table? <br><br>Thanks,"Hi
Where did you buy your dining table? 

Thanks",@sumibabaria8081,https://yt3.ggpht.com/ytc/AIdro_keBGyvrf4NlLZ2KjUw329O9T-0Hk8FLazzZvO-U-Y=s48-c-k-c0x00ffffff-no-rj,http://www.youtube.com/@sumibabaria8081,UCxUn8cTS_NJztxoxQu52QKw,True,none,0,2024-10-04T20:42:39Z,2024-10-04T20:42:39Z,True,1,True,"[{'kind': 'youtube#comment', 'etag': 'yPLaNC-5ar3cmmRXFAJ2KiMymjQ', 'id': 'UgwDfHCnthfdIoZLlAF4AaABAg.A9BKkfuznUyA9Cc28M7rsx', 'snippet': {'channelId': 'UC5I6U4WuS_qYQZhrMExJ5ZQ', 'videoId': 'YbU7_ojR04U', 'textDisplay': 'Furniture village', 'textOriginal': 'Furniture village', 'parentId': 'UgwDfHCnthfdIoZLlAF4AaABAg', 'authorDisplayName': '@HumTumInEngland', 'authorProfileImageUrl': 'https://yt3.ggpht.com/ytc/AIdro_mIVnmubX06T2N-2hDLKgO-x0jr1GAfCjKNRJ-D6zJSaw=s48-c-k-c0x00ffffff-no-rj', 'authorChannelUrl': 'http://www.youtube.com/@HumTumInEngland', 'authorChannelId': {'value': 'UC5I6U4WuS_qYQZhrMExJ5ZQ'}, 'canRate': True, 'viewerRating': 'none', 'likeCount': 0, 'publishedAt': '2024-10-05T08:41:42Z', 'updatedAt': '2024-10-05T08:41:42Z'}}]"
youtube#commentThread,xbIf0wArJGFDmGC5nPdJiSN9-lE,UgysbNglJsDUb5B4gpp4AaABAg,UC5I6U4WuS_qYQZhrMExJ5ZQ,YbU7_ojR04U,youtube#comment,1_icUgJ9xRCIHUgntKqPBivsyYs,UgysbNglJsDUb5B4gpp4AaABAg,UC5I6U4WuS_qYQZhrMExJ5ZQ,YbU7_ojR04U,Congratulations 💐🎊 Ghar to bahut hi badhiya hai.. 👍🏾🥰 Sp kitchen to lawn area 🥰👌🏾👌🏾👌🏾👌🏾,Congratulations 💐🎊 Ghar to bahut hi badhiya hai.. 👍🏾🥰 Sp kitchen to lawn area 🥰👌🏾👌🏾👌🏾👌🏾,@pradnyabhatt7730,https://yt3.ggpht.com/ytc/AIdro_l7_ROweo9xFuwIxSE5YKWRNx_HyWKzR4shj9OO5fI=s48-c-k-c0x00ffffff-no-rj,http://www.youtube.com/@pradnyabhatt7730,UClf6EG27fi_FhougQf3Lolw,True,none,0,2024-10-04T17:38:58Z,2024-10-04T17:38:58Z,True,0,True,
youtube#commentThread,HGzRupBkY-JX2eEW32GQJKVmFV0,Ugzkpnn_3cC3M6KmulF4AaABAg,UC5I6U4WuS_qYQZhrMExJ5ZQ,YbU7_ojR04U,youtube#comment,gFUWQXSKlP2mOD6pEB1oe719PQU,Ugzkpnn_3cC3M6KmulF4AaABAg,UC5I6U4WuS_qYQZhrMExJ5ZQ,YbU7_ojR04U,Congratulations. I am seen you guys first time and I like your videos.,Congratulations. I am seen you guys first time and I like your videos.,@samiazaffar7096,https://yt3.ggpht.com/ytc/AIdro_n1SFng5eHPOVeyq-N4p3XiT9KCZSQxfZ-Uvl-j89w=s48-c-k-c0x00ffffff-no-rj,http://www.youtube.com/@samiazaffar7096,UCh0a-LAuEF_z2ir5I-Rp3sA,True,none,0,2024-10-04T15:24:41Z,2024-10-04T15:24:41Z,True,0,True,
youtube#commentThread,6bEoq71LXhcrFHraL5bZHK72MM8,UgytDn6Fq9n7Z3DeIj14AaABAg,UC5I6U4WuS_qYQZhrMExJ5ZQ,YbU7_ojR04U,youtube#comment,WoGReuDA7Hs1CXw8-IyclGSx7Pc,UgytDn6Fq9n7Z3DeIj14AaABAg,UC5I6U4WuS_qYQZhrMExJ5ZQ,YbU7_ojR04U,Nice house.. which is the location ? Leamington spa?,Nice house.. which is the location ? Leamington spa?,@WarpPortal-j9s,https://yt3.ggpht.com/Y8UVJ2FSUEqiX56LmFnKqRC03KeJbTliGY4YiwIUM9mo2jFByihNNBj6E_T2ltgpknylgNokHQ=s48-c-k-c0x00ffffff-no-rj,http://www.youtube.com/@WarpPortal-j9s,UCNQ8Nwh_BkrmQlny5Ye2Kbg,True,none,0,2024-10-04T13:30:08Z,2024-10-04T13:30:08Z,True,0,True,
youtube#commentThread,5Urt_rHO79Z1o9GmahtrjXwM264,UgyVjGkRvMwj9qPvkwt4AaABAg,UC5I6U4WuS_qYQZhrMExJ5ZQ,YbU7_ojR04U,youtube#comment,pvwsqicZ0_9Tr-9tj_ECeLeDvmk,UgyVjGkRvMwj9qPvkwt4AaABAg,UC5I6U4WuS_qYQZhrMExJ5ZQ,YbU7_ojR04U,Congratulations 🎉🎉 beautiful home 🏡 <br>Mera beta leeds University me business analyst study ke liye gaya hua hai yeh September 24. Future ke liye kuch guidance ho toh share kijiye ga,"Congratulations 🎉🎉 beautiful home 🏡 
Mera beta leeds University me business analyst study ke liye gaya hua hai yeh September 24. Future ke liye kuch guidance ho toh share kijiye ga",@shipramondal3126,https://yt3.ggpht.com/ytc/AIdro_nFbsYZ_Q_DPe2Wq5b-Sdykj_aQ_lHBfqfIhX5Oi2g=s48-c-k-c0x00ffffff-no-rj,http://www.youtube.com/@shipramondal3126,UC7BOBZT1wCLMzmVcEGzcxDA,True,none,0,2024-10-04T05:36:18Z,2024-10-04T05:36:18Z,True,0,True,
youtube#commentThread,pq2IqoZApy-SUE-zoKyWTRaUANY,UgwR5EQG6m4WVRVOkkN4AaABAg,UC5I6U4WuS_qYQZhrMExJ5ZQ,YbU7_ojR04U,youtube#comment,8RIaHvWR4RJs5uX70fwTCfhSc-s,UgwR5EQG6m4WVRVOkkN4AaABAg,UC5I6U4WuS_qYQZhrMExJ5ZQ,YbU7_ojR04U,Hi. Where I can buy this same matters in uk please let me know Thanks,Hi. Where I can buy this same matters in uk please let me know Thanks,@antonrutchi4831,https://yt3.ggpht.com/ytc/AIdro_nSSNrPZ167UwFBgG95Fam4F_nWqSWnlOgkTOgGsZyMzKw=s48-c-k-c0x00ffffff-no-rj,http://www.youtube.com/@antonrutchi4831,UCe2yfCqBpyOt6q-IPX13V_Q,True,none,0,2024-10-03T22:23:23Z,2024-10-03T22:23:23Z,True,1,True,"[{'kind': 'youtube#comment', 'etag': '98AcSTLZg-KMHEqC7JQslSD33TE', 'id': 'UgwR5EQG6m4WVRVOkkN4AaABAg.A98wUd4ajTrA98zhDXBBEZ', 'snippet': {'channelId': 'UC5I6U4WuS_qYQZhrMExJ5ZQ', 'videoId': 'YbU7_ojR04U', 'textDisplay': 'From the Link.. it’s is in the description below', 'textOriginal': 'From the Link.. it’s is in the description below', 'parentId': 'UgwR5EQG6m4WVRVOkkN4AaABAg', 'authorDisplayName': '@HumTumInEngland', 'authorProfileImageUrl': 'https://yt3.ggpht.com/ytc/AIdro_mIVnmubX06T2N-2hDLKgO-x0jr1GAfCjKNRJ-D6zJSaw=s48-c-k-c0x00ffffff-no-rj', 'authorChannelUrl': 'http://www.youtube.com/@HumTumInEngland', 'authorChannelId': {'value': 'UC5I6U4WuS_qYQZhrMExJ5ZQ'}, 'canRate': True, 'viewerRating': 'none', 'likeCount': 0, 'publishedAt': '2024-10-03T22:51:28Z', 'updatedAt': '2024-10-03T22:51:28Z'}}]"
youtube#commentThread,V7froM0Spbj5NNkgwoRHhecwVLA,UgxYaKd0Dp8ZpqJndzR4AaABAg,UC5I6U4WuS_qYQZhrMExJ5ZQ,YbU7_ojR04U,youtube#comment,7BhByUhOlMrZmuL6xRE4qWOVn-0,UgxYaKd0Dp8ZpqJndzR4AaABAg,UC5I6U4WuS_qYQZhrMExJ5ZQ,YbU7_ojR04U,Beautiful house MashAllah.,Beautiful house MashAllah.,@abidachaudhary874,https://yt3.ggpht.com/ytc/AIdro_m8RjP5iUGJRf7vNIUtq0XsvksIXekHUQP35MMfSCA=s48-c-k-c0x00ffffff-no-rj,http://www.youtube.com/@abidachaudhary874,UCCpngYbUnf4rREamoP5fmhQ,True,none,0,2024-10-02T22:24:59Z,2024-10-02T22:24:59Z,True,0,True,
youtube#commentThread,qNCduhHguc56GPzBhPmEdILf3js,UgxE0LLiSkiDmjD2EA94AaABAg,UC5I6U4WuS_qYQZhrMExJ5ZQ,YbU7_ojR04U,youtube#comment,GRXsLRVmOH1J5YdVVf5lECf-pqs,UgxE0LLiSkiDmjD2EA94AaABAg,UC5I6U4WuS_qYQZhrMExJ5ZQ,YbU7_ojR04U,I think its enough for so long showing of new house in many blogs. No regrets. Congratulations,I think its enough for so long showing of new house in many blogs. No regrets. Congratulations,@sanjeetrajkumar6481,https://yt3.ggpht.com/ytc/AIdro_lO0yiICIoOuHyFVCuH0LnzHiKLSwb37Tg4PmF_I9QOLQ=s48-c-k-c0x00ffffff-no-rj,http://www.youtube.com/@sanjeetrajkumar6481,UCKPXiWE2ie3MMuR2anRLUyQ,True,none,0,2024-10-02T21:57:10Z,2024-10-02T21:57:10Z,True,0,True,
youtube#commentThread,sTY4_UApcUTKGsZMBUGnSUd3228,UgyVmjzuQX93hUaSXFp4AaABAg,UC5I6U4WuS_qYQZhrMExJ5ZQ,YbU7_ojR04U,youtube#comment,uewLg7AlPCkHqdE7PqUIGxXn7do,UgyVmjzuQX93hUaSXFp4AaABAg,UC5I6U4WuS_qYQZhrMExJ5ZQ,YbU7_ojR04U,Seriously yaar aap dono bohot matlab bohot achhe video banate  he love uh so much guys😍😘,Seriously yaar aap dono bohot matlab bohot achhe video banate  he love uh so much guys😍😘,@rohitvaghela6925,https://yt3.ggpht.com/ytc/AIdro_nldX4myaIwJbeGbpFgzRSfm7kWiR98oxRObpUCDOQ=s48-c-k-c0x00ffffff-no-rj,http://www.youtube.com/@rohitvaghela6925,UC18342k1emDjiIh5NJDrLvw,True,none,1,2024-10-02T15:00:22Z,2024-10-02T15:00:22Z,True,2,True,"[{'kind': 'youtube#comment', 'etag': 'iHXSUduliqjSxw59oeK3m_EN2So', 'id': 'UgyVmjzuQX93hUaSXFp4AaABAg.A95_--wVhZ7A95b7hNh9UI', 'snippet': {'channelId': 'UC5I6U4WuS_qYQZhrMExJ5ZQ', 'videoId': 'YbU7_ojR04U', 'textDisplay': 'thank you 🤗❤️', 'textOriginal': 'thank you 🤗❤️', 'parentId': 'UgyVmjzuQX93hUaSXFp4AaABAg', 'authorDisplayName': '@HumTumInEngland', 'authorProfileImageUrl': 'https://yt3.ggpht.com/ytc/AIdro_mIVnmubX06T2N-2hDLKgO-x0jr1GAfCjKNRJ-D6zJSaw=s48-c-k-c0x00ffffff-no-rj', 'authorChannelUrl': 'http://www.youtube.com/@HumTumInEngland', 'authorChannelId': {'value': 'UC5I6U4WuS_qYQZhrMExJ5ZQ'}, 'canRate': True, 'viewerRating': 'none', 'likeCount': 0, 'publishedAt': '2024-10-02T15:19:02Z', 'updatedAt': '2024-10-02T15:19:02Z'}}, {'kind': 'youtube#comment', 'etag': '6Dpcr1IgBILhPB3-WOWctpce3Pg', 'id': 'UgyVmjzuQX93hUaSXFp4AaABAg.A95_--wVhZ7A98v6457W5E', 'snippet': {'channelId': 'UC5I6U4WuS_qYQZhrMExJ5ZQ', 'videoId': 'YbU7_ojR04U', 'textDisplay': 'Yes I agree, most humble, genuine &amp; cute vloggers 🥰', 'textOriginal': 'Yes I agree, most humble, genuine & cute vloggers 🥰', 'parentId': 'UgyVmjzuQX93hUaSXFp4AaABAg', 'authorDisplayName': '@Newbie35', 'authorProfileImageUrl': 'https://yt3.ggpht.com/ytc/AIdro_kRdiwgGASa43GPYT-c3Z6MApteJOGOBXuLd7u6TpOt2CJm9iQ6p6u16RMmQYwe-Tke3g=s48-c-k-c0x00ffffff-no-rj', 'authorChannelUrl': 'http://www.youtube.com/@Newbie35', 'authorChannelId': {'value': 'UCRt32dt3rwU9-f6fwpgPVvw'}, 'canRate': True, 'viewerRating': 'none', 'likeCount': 0, 'publishedAt': '2024-10-03T22:11:18Z', 'updatedAt': '2024-10-03T22:11:18Z'}}]"
youtube#commentThread,pAsJwy6FGzpRKKkTTUlo_tRZ7bU,UgxumSRo-o5vdNmeITJ4AaABAg,UC5I6U4WuS_qYQZhrMExJ5ZQ,YbU7_ojR04U,youtube#comment,lvL60uy8-J9HiV5LzOX8AWvphsI,UgxumSRo-o5vdNmeITJ4AaABAg,UC5I6U4WuS_qYQZhrMExJ5ZQ,YbU7_ojR04U,Dining table link pls,Dining table link pls,@pavithras7304,https://yt3.ggpht.com/ytc/AIdro_lTS6c0LcdSMBjk3Zo9-1Ws6rSnxqTsdULP4ntKP4o=s48-c-k-c0x00ffffff-no-rj,http://www.youtube.com/@pavithras7304,UCEiVxbJC5--0Kq3ObwnCCfw,True,none,0,2024-10-02T11:09:38Z,2024-10-02T11:09:38Z,True,0,True,
youtube#commentThread,RHdrt3akQR8fcZJnTEFwiicpyaY,UgySLxgm6T-qPedu4Rl4AaABAg,UC5I6U4WuS_qYQZhrMExJ5ZQ,YbU7_ojR04U,youtube#comment,ulJr2qpTHIT_OllLRWiuuDkb4KE,UgySLxgm6T-qPedu4Rl4AaABAg,UC5I6U4WuS_qYQZhrMExJ5ZQ,YbU7_ojR04U,Which area is this?,Which area is this?,@sugarnspice2773,https://yt3.ggpht.com/XAEnrMk8y6tXS3ILOgI_9BzaE4MFRiDfSAMsIDeW8MhxQKVRMUbg5nrxEqxKbFFuqSWIb7CQPg=s48-c-k-c0x00ffffff-no-rj,http://www.youtube.com/@sugarnspice2773,UCPardPi1Au2FEtI4_XCr8ow,True,none,0,2024-10-02T10:04:23Z,2024-10-02T10:04:23Z,True,0,True,
youtube#commentThread,sIEGi4uyabuK8S2bEiMAJJled90,UgyuVweuJZK_6zkFP9Z4AaABAg,UC5I6U4WuS_qYQZhrMExJ5ZQ,YbU7_ojR04U,youtube#comment,qsKvfrsoXZPKiyVGjMc-KwOOdBU,UgyuVweuJZK_6zkFP9Z4AaABAg,UC5I6U4WuS_qYQZhrMExJ5ZQ,YbU7_ojR04U,Arey Bhaiya aap Rugby move ho Gaye ho?? Retail park toh rugby wala hai,Arey Bhaiya aap Rugby move ho Gaye ho?? Retail park toh rugby wala hai,@HO-gf9ul,https://yt3.ggpht.com/ytc/AIdro_n14VfaJx7-Nx-uYsNa_r4T2An9PFn1QfDDHBi3kZq9F5c2y6qSdYwkKa6AmV-YlsKZJQ=s48-c-k-c0x00ffffff-no-rj,http://www.youtube.com/@HO-gf9ul,UCU9I2Sl_2dNK9Kzi2CxAtkg,True,none,1,2024-10-02T09:55:29Z,2024-10-02T09:55:29Z,True,0,True,
youtube#commentThread,J_WPkla6DdL8duvhAKP2IZk_SXg,Ugy-9umlidNMdKk6AFV4AaABAg,UC5I6U4WuS_qYQZhrMExJ5ZQ,YbU7_ojR04U,youtube#comment,Macg2fif2REOiszZE7hk0M52w38,Ugy-9umlidNMdKk6AFV4AaABAg,UC5I6U4WuS_qYQZhrMExJ5ZQ,YbU7_ojR04U,Gaurav bhai UK ke log porn star ke bare me kya sochate hai,Gaurav bhai UK ke log porn star ke bare me kya sochate hai,@shaguftaparveen5211,https://yt3.ggpht.com/ytc/AIdro_kN0vHjIDhTA7B0t2l-8jw4du0Fp3Q4NWDxREtZ0wG6prM4O5dykKEJAxt14lhBl9HMMQ=s48-c-k-c0x00ffffff-no-rj,http://www.youtube.com/@shaguftaparveen5211,UCrZbWxuWibJhcRqzQ8H6Okw,True,none,0,2024-10-02T08:23:58Z,2024-10-02T08:23:58Z,True,0,True,
youtube#commentThread,TzwZaneZ7JHkt3tINK9x3Q1TPaE,UgyZJ5F_r4iz2UWA26x4AaABAg,UC5I6U4WuS_qYQZhrMExJ5ZQ,YbU7_ojR04U,youtube#comment,Yl1SYgXDiK5eh7EOpSyd8nk5OcM,UgyZJ5F_r4iz2UWA26x4AaABAg,UC5I6U4WuS_qYQZhrMExJ5ZQ,YbU7_ojR04U,Which is the location,Which is the location,@viddhyagaudaman,https://yt3.ggpht.com/ZCiuuN3G1EZV2p5c3oXVknxqBT50FIeQXSbcFLqiJeZ__y44NYMRT0DuEJpNJ9oPExY25eYfUUM=s48-c-k-c0x00ffffff-no-rj,http://www.youtube.com/@viddhyagaudaman,UCe7WYXznJ1-Y0OshLT9yekQ,True,none,2,2024-10-02T04:08:39Z,2024-10-02T04:08:39Z,True,0,True,
youtube#commentThread,sy49CxNOwDsJrMbPvj8hdsJ2FpA,UgztTEJiEzGyXesbSgJ4AaABAg,UC5I6U4WuS_qYQZhrMExJ5ZQ,YbU7_ojR04U,youtube#comment,uavIh8XulZiop6tVW50hsbUzJXQ,UgztTEJiEzGyXesbSgJ4AaABAg,UC5I6U4WuS_qYQZhrMExJ5ZQ,YbU7_ojR04U,Congratulations 🎉 beautiful home,Congratulations 🎉 beautiful home,@viddhyagaudaman,https://yt3.ggpht.com/ZCiuuN3G1EZV2p5c3oXVknxqBT50FIeQXSbcFLqiJeZ__y44NYMRT0DuEJpNJ9oPExY25eYfUUM=s48-c-k-c0x00ffffff-no-rj,http://www.youtube.com/@viddhyagaudaman,UCe7WYXznJ1-Y0OshLT9yekQ,True,none,0,2024-10-02T04:07:31Z,2024-10-02T04:07:31Z,True,1,True,"[{'kind': 'youtube#comment', 'etag': 'TvOy4knqIUGN0SDY5UPwB0sqnas', 'id': 'UgztTEJiEzGyXesbSgJ4AaABAg.A94PHMU_z4AA94kaN6Xux8', 'snippet': {'channelId': 'UC5I6U4WuS_qYQZhrMExJ5ZQ', 'videoId': 'YbU7_ojR04U', 'textDisplay': 'Thank you!! 😊', 'textOriginal': 'Thank you!! 😊', 'parentId': 'UgztTEJiEzGyXesbSgJ4AaABAg', 'authorDisplayName': '@HumTumInEngland', 'authorProfileImageUrl': 'https://yt3.ggpht.com/ytc/AIdro_mIVnmubX06T2N-2hDLKgO-x0jr1GAfCjKNRJ-D6zJSaw=s48-c-k-c0x00ffffff-no-rj', 'authorChannelUrl': 'http://www.youtube.com/@HumTumInEngland', 'authorChannelId': {'value': 'UC5I6U4WuS_qYQZhrMExJ5ZQ'}, 'canRate': True, 'viewerRating': 'none', 'likeCount': 0, 'publishedAt': '2024-10-02T07:22:29Z', 'updatedAt': '2024-10-02T07:22:29Z'}}]"
youtube#commentThread,6MzLTzsp5T_NaS6iJgi5xxtJ_bg,UgxV1M0ukqD9YD0noPV4AaABAg,UC5I6U4WuS_qYQZhrMExJ5ZQ,YbU7_ojR04U,youtube#comment,VvuCaqLUv4TBMkab9jkH0eQ1k5w,UgxV1M0ukqD9YD0noPV4AaABAg,UC5I6U4WuS_qYQZhrMExJ5ZQ,YbU7_ojR04U,"Hello, Thank you for the video and am looking to buy a house.could you please let us know who the builder is and how much you purchased the house for. It will be very helpful. Kind Regards","Hello, Thank you for the video and am looking to buy a house.could you please let us know who the builder is and how much you purchased the house for. It will be very helpful. Kind Regards",@santoshinireddy8948,https://yt3.ggpht.com/ytc/AIdro_mvQZ44sii1N7MaKxY6iBUMnyE6nlTMtvk9dTvX_Z0=s48-c-k-c0x00ffffff-no-rj,http://www.youtube.com/@santoshinireddy8948,UCeum3y8AN8F8C4hGHSZKW9A,True,none,0,2024-10-02T03:50:41Z,2024-10-02T03:50:41Z,True,1,True,"[{'kind': 'youtube#comment', 'etag': 'aVEQAsIx9HYBYglC5lQ2PJXGaS4', 'id': 'UgxV1M0ukqD9YD0noPV4AaABAg.A94NM0rKxqlA94NQoykm-P', 'snippet': {'channelId': 'UC5I6U4WuS_qYQZhrMExJ5ZQ', 'videoId': 'YbU7_ojR04U', 'textDisplay': 'Also Congratulations 🎉🎉🎉', 'textOriginal': 'Also Congratulations 🎉🎉🎉', 'parentId': 'UgxV1M0ukqD9YD0noPV4AaABAg', 'authorDisplayName': '@santoshinireddy8948', 'authorProfileImageUrl': 'https://yt3.ggpht.com/ytc/AIdro_mvQZ44sii1N7MaKxY6iBUMnyE6nlTMtvk9dTvX_Z0=s48-c-k-c0x00ffffff-no-rj', 'authorChannelUrl': 'http://www.youtube.com/@santoshinireddy8948', 'authorChannelId': {'value': 'UCeum3y8AN8F8C4hGHSZKW9A'}, 'canRate': True, 'viewerRating': 'none', 'likeCount': 0, 'publishedAt': '2024-10-02T03:51:20Z', 'updatedAt': '2024-10-02T03:51:20Z'}}]"
youtube#commentThread,Jap-J5TQgYvLbKs9Dz7XVI7smNE,Ugx2BEf-NunwzIFKXE54AaABAg,UC5I6U4WuS_qYQZhrMExJ5ZQ,YbU7_ojR04U,youtube#comment,-V9QYD_9tRyutPmphF1pwX3GMdc,Ugx2BEf-NunwzIFKXE54AaABAg,UC5I6U4WuS_qYQZhrMExJ5ZQ,YbU7_ojR04U,Tal fard me meri beti damad rahte hai 😊,Tal fard me meri beti damad rahte hai 😊,@gitayadav1014,https://yt3.ggpht.com/HaqMvDWOFbdY39n1akF177itgyT5aCISbMm0gu8W6fKRQItqttZElrPpOktC-W5nVtxf6n6Icls=s48-c-k-c0x00ffffff-no-rj,http://www.youtube.com/@gitayadav1014,UCRNndwS6vhGWbDK147xlrug,True,none,0,2024-10-02T03:34:17Z,2024-10-02T03:34:17Z,True,0,True,
youtube#commentThread,8V4gAGUBNcvw21yfRCOqqB5kqIA,UgyhP43qY7DnRQ7pJ2t4AaABAg,UC5I6U4WuS_qYQZhrMExJ5ZQ,YbU7_ojR04U,youtube#comment,DM_iOR9khix-2UcY9DweJ3ItC2U,UgyhP43qY7DnRQ7pJ2t4AaABAg,UC5I6U4WuS_qYQZhrMExJ5ZQ,YbU7_ojR04U,Congratulations 👏🎉🎉🎉🎉🎉 meri beti aur damad bhi rahte hai UK me aap koin se jagah par rahte hai,Congratulations 👏🎉🎉🎉🎉🎉 meri beti aur damad bhi rahte hai UK me aap koin se jagah par rahte hai,@gitayadav1014,https://yt3.ggpht.com/HaqMvDWOFbdY39n1akF177itgyT5aCISbMm0gu8W6fKRQItqttZElrPpOktC-W5nVtxf6n6Icls=s48-c-k-c0x00ffffff-no-rj,http://www.youtube.com/@gitayadav1014,UCRNndwS6vhGWbDK147xlrug,True,none,0,2024-10-02T03:32:35Z,2024-10-02T03:32:35Z,True,0,True,
youtube#commentThread,1ee4nds95A2i4XKjYBVgV0IWOlk,UgyOYtjNnAC9UAM5Vvh4AaABAg,UC5I6U4WuS_qYQZhrMExJ5ZQ,YbU7_ojR04U,youtube#comment,UquxF6ezJOGP13VlDxvo-bPUvh0,UgyOYtjNnAC9UAM5Vvh4AaABAg,UC5I6U4WuS_qYQZhrMExJ5ZQ,YbU7_ojR04U,But still you didn&#39;t share that where did you purchase the Hosue.,But still you didn't share that where did you purchase the Hosue.,@sonalmenariya8740,https://yt3.ggpht.com/ytc/AIdro_m-WcH955Mc_m1D4L7ZYchr27LVftNkqEsVaG2xah1STg=s48-c-k-c0x00ffffff-no-rj,http://www.youtube.com/@sonalmenariya8740,UCdV6bJV4EgKkBMdibuemp8w,True,none,0,2024-10-01T23:49:29Z,2024-10-01T23:49:29Z,True,1,True,"[{'kind': 'youtube#comment', 'etag': 'UQxZ2D070sm3Naj4ccElie2FzOU', 'id': 'UgyOYtjNnAC9UAM5Vvh4AaABAg.A93wkThj8mxA95_gsxv_C-', 'snippet': {'channelId': 'UC5I6U4WuS_qYQZhrMExJ5ZQ', 'videoId': 'YbU7_ojR04U', 'textDisplay': 'Why would they share their location...<br>It would be security hazard for them', 'textOriginal': 'Why would they share their location...\nIt would be security hazard for them', 'parentId': 'UgyOYtjNnAC9UAM5Vvh4AaABAg', 'authorDisplayName': '@Lavanyaa20', 'authorProfileImageUrl': 'https://yt3.ggpht.com/ytc/AIdro_kBZyti_EdG7Z2tPURAhtvZcDEoq73Vm0cSpJGX4RcB-exQUY_LOdwIilGHZgafdKmRUA=s48-c-k-c0x00ffffff-no-rj', 'authorChannelUrl': 'http://www.youtube.com/@Lavanyaa20', 'authorChannelId': {'value': 'UCrLdbr45QRxUwCC0TQU5GPQ'}, 'canRate': True, 'viewerRating': 'none', 'likeCount': 0, 'publishedAt': '2024-10-02T15:06:30Z', 'updatedAt': '2024-10-02T15:06:30Z'}}]"
youtube#commentThread,S-6fDS7XzGPJnBFP4YdWlJM0qUM,Ugyahv0sHRgx6Rwm64Z4AaABAg,UC5I6U4WuS_qYQZhrMExJ5ZQ,YbU7_ojR04U,youtube#comment,IfH6mbBbVP7X81a4gMI_BzTVYkM,Ugyahv0sHRgx6Rwm64Z4AaABAg,UC5I6U4WuS_qYQZhrMExJ5ZQ,YbU7_ojR04U,Am a regular fan of the Harjais ❤,Am a regular fan of the Harjais ❤,@tanivee2107,https://yt3.ggpht.com/ytc/AIdro_mYCWW3qczv86RKw5hRf6CXvWMYlsbvLBIfNSqLCrNLUdk=s48-c-k-c0x00ffffff-no-rj,http://www.youtube.com/@tanivee2107,UCd2frIGJj9i9cgveOic25DQ,True,none,0,2024-10-01T21:16:56Z,2024-10-01T21:16:56Z,True,0,True,
youtube#commentThread,LPClj09pLRoG-r0uRo2WlsYJ4mk,UgyAr9RC3Bp3w_Enbg54AaABAg,UC5I6U4WuS_qYQZhrMExJ5ZQ,YbU7_ojR04U,youtube#comment,D5VeVNSdTIFksZ9sXQctIwI16JE,UgyAr9RC3Bp3w_Enbg54AaABAg,UC5I6U4WuS_qYQZhrMExJ5ZQ,YbU7_ojR04U,What divine positive vibes...this is ur 1st video i watched n loved ur calmness n devotion.<br>Looking fwd to watch u gradually do up your home.<br>All love n blessings ❤<br>Waheguru 🎉,"What divine positive vibes...this is ur 1st video i watched n loved ur calmness n devotion.
Looking fwd to watch u gradually do up your home.
All love n blessings ❤
Waheguru 🎉",@tanivee2107,https://yt3.ggpht.com/ytc/AIdro_mYCWW3qczv86RKw5hRf6CXvWMYlsbvLBIfNSqLCrNLUdk=s48-c-k-c0x00ffffff-no-rj,http://www.youtube.com/@tanivee2107,UCd2frIGJj9i9cgveOic25DQ,True,none,0,2024-10-01T21:16:21Z,2024-10-01T21:16:21Z,True,1,True,"[{'kind': 'youtube#comment', 'etag': 'aKpF5utZYqnKXgACpNY37c7Kbgg', 'id': 'UgyAr9RC3Bp3w_Enbg54AaABAg.A93fDrMHTbDA93fVub4Zak', 'snippet': {'channelId': 'UC5I6U4WuS_qYQZhrMExJ5ZQ', 'videoId': 'YbU7_ojR04U', 'textDisplay': 'Thank you so much 😊❤️', 'textOriginal': 'Thank you so much 😊❤️', 'parentId': 'UgyAr9RC3Bp3w_Enbg54AaABAg', 'authorDisplayName': '@HumTumInEngland', 'authorProfileImageUrl': 'https://yt3.ggpht.com/ytc/AIdro_mIVnmubX06T2N-2hDLKgO-x0jr1GAfCjKNRJ-D6zJSaw=s48-c-k-c0x00ffffff-no-rj', 'authorChannelUrl': 'http://www.youtube.com/@HumTumInEngland', 'authorChannelId': {'value': 'UC5I6U4WuS_qYQZhrMExJ5ZQ'}, 'canRate': True, 'viewerRating': 'none', 'likeCount': 0, 'publishedAt': '2024-10-01T21:18:49Z', 'updatedAt': '2024-10-01T21:18:49Z'}}]"
youtube#commentThread,UEPhkDjBfuLOK20HEiapE16Huh8,UgzNZhLUuj7q1h27lQV4AaABAg,UC5I6U4WuS_qYQZhrMExJ5ZQ,YbU7_ojR04U,youtube#comment,X41H20Rne1YdgUUsinzz0f5RFNQ,UgzNZhLUuj7q1h27lQV4AaABAg,UC5I6U4WuS_qYQZhrMExJ5ZQ,YbU7_ojR04U,Salam<br>Bohat acha laga dekh ker gher ki start sweet sa keya guru gee ko <br>God bless you <br>Mubarak,"Salam
Bohat acha laga dekh ker gher ki start sweet sa keya guru gee ko 
God bless you 
Mubarak",@nuzhatbatool8289,https://yt3.ggpht.com/ytc/AIdro_mvIxcME5Og0lB83SYcQeWDPALPO3IWiGrXLRBm4i8l7mU=s48-c-k-c0x00ffffff-no-rj,http://www.youtube.com/@nuzhatbatool8289,UCgFIHyDKAeLUXig0Pwr7RXA,True,none,0,2024-10-01T18:29:52Z,2024-10-01T18:29:52Z,True,0,True,
youtube#commentThread,L2NgzEmOvFpG0bigOHEE79-OQs4,UgwC9_m7nApQxRfYt7F4AaABAg,UC5I6U4WuS_qYQZhrMExJ5ZQ,YbU7_ojR04U,youtube#comment,kgPCgEOaupeLRODxYXVb9qeY-Zk,UgwC9_m7nApQxRfYt7F4AaABAg,UC5I6U4WuS_qYQZhrMExJ5ZQ,YbU7_ojR04U,Congratulations to both of you,Congratulations to both of you,@krishnasboxoftalent4343,https://yt3.ggpht.com/bf1n_18ubundtjsTYATlzh-0VHGMilGsSZqzUe_-05DU9qqtVO671YO8DwLegI8pTgAwg1IspUo=s48-c-k-c0x00ffffff-no-rj,http://www.youtube.com/@krishnasboxoftalent4343,UCZcQqPJdUc-v2oD3LqgWuCw,True,none,0,2024-10-01T16:52:40Z,2024-10-01T16:52:40Z,True,0,True,
youtube#commentThread,It0SfUJqSDglXYIt6z6O2PsZ7N8,UgwTEl4xGJSHe3DBfgh4AaABAg,UC5I6U4WuS_qYQZhrMExJ5ZQ,YbU7_ojR04U,youtube#comment,p5ShP7g8WYGvMYGEaJRFBzTxsvc,UgwTEl4xGJSHe3DBfgh4AaABAg,UC5I6U4WuS_qYQZhrMExJ5ZQ,YbU7_ojR04U,Hi can u plz share ur builders actually we r also in search of house to buy but after watching ur videos i want the same house or 3 bed house but same like urs MA SHA ALLAH  beautiful house so plz can u share the construction company thanks,Hi can u plz share ur builders actually we r also in search of house to buy but after watching ur videos i want the same house or 3 bed house but same like urs MA SHA ALLAH  beautiful house so plz can u share the construction company thanks,@A_jewlzz,https://yt3.ggpht.com/Rf00QqMbiaSPpJZMgwmAZb8jiAlg1x4_RV5JLHf1ilrZISpF0bPAfr5egvyHoFYRqTkPkf8vbw=s48-c-k-c0x00ffffff-no-rj,http://www.youtube.com/@A_jewlzz,UCkOTPW8xLxoMOlZUwDHNQHA,True,none,3,2024-10-01T15:51:03Z,2024-10-01T15:51:03Z,True,0,True,
youtube#commentThread,CASD5PTwt9HqSYCv3qShJ_ukw0Q,Ugx8Yt_qF4aMlo1ApvZ4AaABAg,UC5I6U4WuS_qYQZhrMExJ5ZQ,YbU7_ojR04U,youtube#comment,EXINccbl7fHByQ8QZas_zcDuR-g,Ugx8Yt_qF4aMlo1ApvZ4AaABAg,UC5I6U4WuS_qYQZhrMExJ5ZQ,YbU7_ojR04U,Congratulations 🎉i can feel the happiness ❤loads of wishes 🎉,Congratulations 🎉i can feel the happiness ❤loads of wishes 🎉,@SumanDeep-p9f,https://yt3.ggpht.com/ytc/AIdro_nuNlfceTDiBSTQUhxQ56YDJFbBu1DjRfTpJMFP6ck9D0x3tsglom8eMUA2blBLpRVU8w=s48-c-k-c0x00ffffff-no-rj,http://www.youtube.com/@SumanDeep-p9f,UC1ewztVTX3bonisVc10oLmA,True,none,1,2024-10-01T15:35:42Z,2024-10-01T15:35:42Z,True,0,True,
youtube#commentThread,nus6ou2-0kf1odoIOS6aW3S37D0,UgxYsUAGaIxMqNklc9p4AaABAg,UC5I6U4WuS_qYQZhrMExJ5ZQ,YbU7_ojR04U,youtube#comment,Fnn17G5s-Z3xWhUxK6hX17Q3g4k,UgxYsUAGaIxMqNklc9p4AaABAg,UC5I6U4WuS_qYQZhrMExJ5ZQ,YbU7_ojR04U,Congratulations guys 🎉,Congratulations guys 🎉,@MandeepKaur-om5rj,https://yt3.ggpht.com/ytc/AIdro_lw0vUdFKUl1tij8NExXBrqZygStL6FZWROiChwm1c=s48-c-k-c0x00ffffff-no-rj,http://www.youtube.com/@MandeepKaur-om5rj,UCostytuFPToDgvZ3ilMaCFQ,True,none,2,2024-10-01T15:17:20Z,2024-10-01T15:17:20Z,True,0,True,
youtube#commentThread,fanzXEerUW8LAfwPMTjLL7CyMZg,Ugw-rmmvo9buXIgTkqx4AaABAg,UC5I6U4WuS_qYQZhrMExJ5ZQ,YbU7_ojR04U,youtube#comment,FO4V6zA1DUgS58NKkZUDP9Yp2EE,Ugw-rmmvo9buXIgTkqx4AaABAg,UC5I6U4WuS_qYQZhrMExJ5ZQ,YbU7_ojR04U,"Hi, nice dining table could we get link for discount","Hi, nice dining table could we get link for discount",@Hahapan,https://yt3.ggpht.com/ytc/AIdro_mhOsVvyiOR2DKy9B1rrzX-He2qQZ1jqeEpHRZoUYxTFaBeYJh5jM0kO6i-v0IKU5wb0w=s48-c-k-c0x00ffffff-no-rj,http://www.youtube.com/@Hahapan,UCB819rIEpMMXZzYIfRm6fYg,True,none,1,2024-10-01T13:41:26Z,2024-10-01T13:41:26Z,True,1,True,"[{'kind': 'youtube#comment', 'etag': 'PQvfAz8jnOHaWPlcjB2MWsAFhyg', 'id': 'Ugw-rmmvo9buXIgTkqx4AaABAg.A92r9uuk_TQA92sEkncvT-', 'snippet': {'channelId': 'UC5I6U4WuS_qYQZhrMExJ5ZQ', 'videoId': 'YbU7_ojR04U', 'textDisplay': 'Its from furniture village but it’s not sponsored so no discount code', 'textOriginal': 'Its from furniture village but it’s not sponsored so no discount code', 'parentId': 'Ugw-rmmvo9buXIgTkqx4AaABAg', 'authorDisplayName': '@HumTumInEngland', 'authorProfileImageUrl': 'https://yt3.ggpht.com/ytc/AIdro_mIVnmubX06T2N-2hDLKgO-x0jr1GAfCjKNRJ-D6zJSaw=s48-c-k-c0x00ffffff-no-rj', 'authorChannelUrl': 'http://www.youtube.com/@HumTumInEngland', 'authorChannelId': {'value': 'UC5I6U4WuS_qYQZhrMExJ5ZQ'}, 'canRate': True, 'viewerRating': 'none', 'likeCount': 0, 'publishedAt': '2024-10-01T13:50:49Z', 'updatedAt': '2024-10-01T13:50:49Z'}}]"
youtube#commentThread,MCnUskLP3K9TQUwfIzFf9dY8T54,UgxYXPXqTNvfcS50y-l4AaABAg,UC5I6U4WuS_qYQZhrMExJ5ZQ,YbU7_ojR04U,youtube#comment,ZbpGGCP7EVocbhBqyRonuLZaYzo,UgxYXPXqTNvfcS50y-l4AaABAg,UC5I6U4WuS_qYQZhrMExJ5ZQ,YbU7_ojR04U,Hey gaurav and avi I got my keys yesterday as I was telling m going parallel to you guys,Hey gaurav and avi I got my keys yesterday as I was telling m going parallel to you guys,@shabinuk3083,https://yt3.ggpht.com/L3aJ2_IbMHkkCd75H9exeK1aMit34_RZ_efy2UXku2Vg80kx0ijAmfruqb3zm1xdteG-n2HF=s48-c-k-c0x00ffffff-no-rj,http://www.youtube.com/@shabinuk3083,UC6oWDYGN3iZaVIIMBAa8gvg,True,none,0,2024-10-01T13:01:04Z,2024-10-01T13:01:04Z,True,1,True,"[{'kind': 'youtube#comment', 'etag': 'yXD-9qlnk3rK-L0f0CcQzfIkM_Q', 'id': 'UgxYXPXqTNvfcS50y-l4AaABAg.A92mYFlNk6AA92x3pfmG6W', 'snippet': {'channelId': 'UC5I6U4WuS_qYQZhrMExJ5ZQ', 'videoId': 'YbU7_ojR04U', 'textDisplay': 'Congratulations 😊❤️', 'textOriginal': 'Congratulations 😊❤️', 'parentId': 'UgxYXPXqTNvfcS50y-l4AaABAg', 'authorDisplayName': '@HumTumInEngland', 'authorProfileImageUrl': 'https://yt3.ggpht.com/ytc/AIdro_mIVnmubX06T2N-2hDLKgO-x0jr1GAfCjKNRJ-D6zJSaw=s48-c-k-c0x00ffffff-no-rj', 'authorChannelUrl': 'http://www.youtube.com/@HumTumInEngland', 'authorChannelId': {'value': 'UC5I6U4WuS_qYQZhrMExJ5ZQ'}, 'canRate': True, 'viewerRating': 'none', 'likeCount': 0, 'publishedAt': '2024-10-01T14:33:02Z', 'updatedAt': '2024-10-01T14:33:02Z'}}]"
youtube#commentThread,3M5N80cQ1FrSUOUCPW3X9PLTHP8,Ugx4Je0NpMikV01t7tp4AaABAg,UC5I6U4WuS_qYQZhrMExJ5ZQ,YbU7_ojR04U,youtube#comment,GfGfHirP_YI6JwrOuKYs5E2ys7Y,Ugx4Je0NpMikV01t7tp4AaABAg,UC5I6U4WuS_qYQZhrMExJ5ZQ,YbU7_ojR04U,May i know the name of this house developer name please?,May i know the name of this house developer name please?,@ourvlogs9539,https://yt3.ggpht.com/ytc/AIdro_kgeb3tvIBGrdY-IdjHykSG-MSKpwcehWUAO3_O6TXPgadO46BAk4RkoG8qNgXDJBfHxg=s48-c-k-c0x00ffffff-no-rj,http://www.youtube.com/@ourvlogs9539,UCbnkoigDGIULsC6hNfRJjxQ,True,none,1,2024-10-01T12:51:37Z,2024-10-01T12:51:37Z,True,0,True,
youtube#commentThread,tuK6xy9vjXW08tNvQhVfudxs2hM,Ugyo-oduASH9IwYJbyl4AaABAg,UC5I6U4WuS_qYQZhrMExJ5ZQ,YbU7_ojR04U,youtube#comment,w4nnE_BAzIxm5VCwhUGRqr9Gix8,Ugyo-oduASH9IwYJbyl4AaABAg,UC5I6U4WuS_qYQZhrMExJ5ZQ,YbU7_ojR04U,Masahallah  Allah aap ko accahe vaparne ka nasib kare .sorry I am Muslim,Masahallah  Allah aap ko accahe vaparne ka nasib kare .sorry I am Muslim,@PREPPYSLAYS3732,https://yt3.ggpht.com/dSlWLUUfYNocy9MFizK1iR6oXizp7AplV_HStEyNpUv6bFDvbBvAzCiB8QMlYXXR-JxhkzXmnA=s48-c-k-c0x00ffffff-no-rj,http://www.youtube.com/@PREPPYSLAYS3732,UC_FRqJv7TArjcqjooauJPYA,True,none,2,2024-10-01T12:07:52Z,2024-10-01T12:07:52Z,True,0,True,
youtube#commentThread,OoEVpliLWJmTYyog7ZdJJzo_eaM,Ugx_9JDFoj7vkKoE4BR4AaABAg,UC5I6U4WuS_qYQZhrMExJ5ZQ,YbU7_ojR04U,youtube#comment,wpuFGSsS67a995wDIcrgaJ8mfvo,Ugx_9JDFoj7vkKoE4BR4AaABAg,UC5I6U4WuS_qYQZhrMExJ5ZQ,YbU7_ojR04U,Many congratulations to both of you🎉🎉🎉,Many congratulations to both of you🎉🎉🎉,@drmanishakanwar2091,https://yt3.ggpht.com/ytc/AIdro_mQSV9KTvquWole_bohXmEHCEJSKxwZ7ProBnP-B0E=s48-c-k-c0x00ffffff-no-rj,http://www.youtube.com/@drmanishakanwar2091,UCkjIcmw3y2l2Fchjk2CqKqg,True,none,1,2024-10-01T10:47:13Z,2024-10-01T10:47:13Z,True,0,True,
youtube#commentThread,Q98nz3JXqPVZu0hUB669l6wZNnM,UgwOz3253tMSop4JnD14AaABAg,UC5I6U4WuS_qYQZhrMExJ5ZQ,YbU7_ojR04U,youtube#comment,IgdoWm0Yn3TpVPdAVfJTEvhdS6g,UgwOz3253tMSop4JnD14AaABAg,UC5I6U4WuS_qYQZhrMExJ5ZQ,YbU7_ojR04U,"House is nice but never ever buy new built house in <a href=""http://uk.you/"">UK.you</a> will regret later.",House is nice but never ever buy new built house in UK.you will regret later.,@VarinderSihra-yq2hn,https://yt3.ggpht.com/ytc/AIdro_nHjyEj2IexzBzCC2-I4vbMc_-AjFflotKqEMiowumGXO8xdG3mDSyES70iplrEpNBcDg=s48-c-k-c0x00ffffff-no-rj,http://www.youtube.com/@VarinderSihra-yq2hn,UCP5oM8ypeUNaj_b5IQzap9g,True,none,1,2024-10-01T10:22:04Z,2024-10-01T10:22:04Z,True,0,True,
youtube#commentThread,xHwbwzCdhz3Ms6w0HT9sYYPfc2M,Ugwq26YgHqmAFB8Oti14AaABAg,UC5I6U4WuS_qYQZhrMExJ5ZQ,YbU7_ojR04U,youtube#comment,cwL70e4WZLlGHvpzgAwTUPkWttU,Ugwq26YgHqmAFB8Oti14AaABAg,UC5I6U4WuS_qYQZhrMExJ5ZQ,YbU7_ojR04U,Congratulations on ur new home I have liked the ceramic glass table which company it is?,Congratulations on ur new home I have liked the ceramic glass table which company it is?,@ClaysonFalcao,https://yt3.ggpht.com/ytc/AIdro_ktqy1O9ZMmtieFCVhktcadGmGeip91BZeI6raorAXQdqX547fkG-1ICr6To3C9zosJlQ=s48-c-k-c0x00ffffff-no-rj,http://www.youtube.com/@ClaysonFalcao,UCGETFK0b2pcCYyo6-yDZ3UQ,True,none,2,2024-10-01T09:19:22Z,2024-10-01T09:19:22Z,True,0,True,
youtube#commentThread,wiAlPTEShleSF3LQCHQiNa6trME,UgzumO_r-WogUvOtrWJ4AaABAg,UC5I6U4WuS_qYQZhrMExJ5ZQ,YbU7_ojR04U,youtube#comment,ra0cftfM5m6fHLFSJq0zeTQXF_U,UgzumO_r-WogUvOtrWJ4AaABAg,UC5I6U4WuS_qYQZhrMExJ5ZQ,YbU7_ojR04U,Hi congratulations &amp; nice dinning table …<br><br>Need to buy can u send me link 🔗… plzzz thx,"Hi congratulations & nice dinning table …

Need to buy can u send me link 🔗… plzzz thx",@bhavinipatel-jf8kd,https://yt3.ggpht.com/ytc/AIdro_kOb7QQDcZFwpMIdd9bTrXMar1ggASA-XZvBJ1dsoZ7ILZXnMflzIOdl1i8MGKOzZIN6g=s48-c-k-c0x00ffffff-no-rj,http://www.youtube.com/@bhavinipatel-jf8kd,UCbvZjw_rh1D-AIngmwqFZ1g,True,none,2,2024-10-01T08:58:53Z,2024-10-01T08:58:53Z,True,1,True,"[{'kind': 'youtube#comment', 'etag': 'vak7eibRxaRjRAhUHlfElW5UPR0', 'id': 'UgzumO_r-WogUvOtrWJ4AaABAg.A92LpYy3mHlA94lEt6DOM5', 'snippet': {'channelId': 'UC5I6U4WuS_qYQZhrMExJ5ZQ', 'videoId': 'YbU7_ojR04U', 'textDisplay': 'its from Furniture village', 'textOriginal': 'its from Furniture village', 'parentId': 'UgzumO_r-WogUvOtrWJ4AaABAg', 'authorDisplayName': '@HumTumInEngland', 'authorProfileImageUrl': 'https://yt3.ggpht.com/ytc/AIdro_mIVnmubX06T2N-2hDLKgO-x0jr1GAfCjKNRJ-D6zJSaw=s48-c-k-c0x00ffffff-no-rj', 'authorChannelUrl': 'http://www.youtube.com/@HumTumInEngland', 'authorChannelId': {'value': 'UC5I6U4WuS_qYQZhrMExJ5ZQ'}, 'canRate': True, 'viewerRating': 'none', 'likeCount': 1, 'publishedAt': '2024-10-02T07:28:09Z', 'updatedAt': '2024-10-02T07:28:09Z'}}]"
youtube#commentThread,dzb0Y0HNxtNDzyRgZkM19ZHjv9U,UgwmEwFOUA6Nj52ObU54AaABAg,UC5I6U4WuS_qYQZhrMExJ5ZQ,YbU7_ojR04U,youtube#comment,Ju6JIlnQ-Pmug19Boh1YynB5GGE,UgwmEwFOUA6Nj52ObU54AaABAg,UC5I6U4WuS_qYQZhrMExJ5ZQ,YbU7_ojR04U,Congrats. Do a media wall in Ur lounge.,Congrats. Do a media wall in Ur lounge.,@netreporter,https://yt3.ggpht.com/ytc/AIdro_mqEUxuenYCJDaW_ka93fCVIe7QmXyI61jTZ9omPZM=s48-c-k-c0x00ffffff-no-rj,http://www.youtube.com/@netreporter,UC89uSCwM-lEvQUYKATbaC5g,True,none,1,2024-10-01T08:47:34Z,2024-10-01T08:47:34Z,True,0,True,
youtube#commentThread,WTLDlpfab_EnLkRXx9PyudrleZg,UgxLwoI5FjAdhX5_it54AaABAg,UC5I6U4WuS_qYQZhrMExJ5ZQ,YbU7_ojR04U,youtube#comment,CKBfpsSLULBB_Ubc66ZLNxZf-UY,UgxLwoI5FjAdhX5_it54AaABAg,UC5I6U4WuS_qYQZhrMExJ5ZQ,YbU7_ojR04U,I love guru g I’m not a sikh I’m a muslim girl but i love guru g 🙏 and i love sikh’s,I love guru g I’m not a sikh I’m a muslim girl but i love guru g 🙏 and i love sikh’s,@syedaprincess3303,https://yt3.ggpht.com/ytc/AIdro_n8xzzrgJ0O9VQpPACObc4H1i1VApbBxlYBRQZ2_v8=s48-c-k-c0x00ffffff-no-rj,http://www.youtube.com/@syedaprincess3303,UCB673MmEAoSKp_ko_iJOnLg,True,none,2,2024-10-01T08:04:41Z,2024-10-01T08:04:41Z,True,1,True,"[{'kind': 'youtube#comment', 'etag': 'drmEF6-Az0SkvmHmv8eiTMebmio', 'id': 'UgxLwoI5FjAdhX5_it54AaABAg.A92FcYdnE2EA9AoWIMn9y7', 'snippet': {'channelId': 'UC5I6U4WuS_qYQZhrMExJ5ZQ', 'videoId': 'YbU7_ojR04U', 'textDisplay': 'Please stop ur negative thoughts', 'textOriginal': 'Please stop ur negative thoughts', 'parentId': 'UgxLwoI5FjAdhX5_it54AaABAg', 'authorDisplayName': '@Tushar738', 'authorProfileImageUrl': 'https://yt3.ggpht.com/LTyIIii4dqjE7ENPdP6vKQMih0OemY8MaZr76HS6sfBdPLG8ghzSPUA5uVDgG-y9K873c_VMnQU=s48-c-k-c0x00ffffff-no-rj', 'authorChannelUrl': 'http://www.youtube.com/@Tushar738', 'authorChannelId': {'value': 'UCK6uMyC4iDi0yR-A5VTnptQ'}, 'canRate': True, 'viewerRating': 'none', 'likeCount': 0, 'publishedAt': '2024-10-04T15:52:12Z', 'updatedAt': '2024-10-04T15:52:12Z'}}]"
youtube#commentThread,g67fG2wirw2eM3HveJHDLdVtQO8,UgwmTK9THySJhlDjUT94AaABAg,UC5I6U4WuS_qYQZhrMExJ5ZQ,YbU7_ojR04U,youtube#comment,oMjjxWif6oBpgLlCPQd7YrCC4q0,UgwmTK9THySJhlDjUT94AaABAg,UC5I6U4WuS_qYQZhrMExJ5ZQ,YbU7_ojR04U,Congratulations guys for new house. 🎉 🎁 😊 <br>Me and my husband also planning to buy house in London as well please pray for me. My dream come true as well ❤😊,"Congratulations guys for new house. 🎉 🎁 😊 
Me and my husband also planning to buy house in London as well please pray for me. My dream come true as well ❤😊",@kaur5941,https://yt3.ggpht.com/ytc/AIdro_lstB3YH641mvD7c0F5CsIK1VohS5sGjDHznzqAxeFzDrKoh35mwiEQPb1tQwNdxYWaWA=s48-c-k-c0x00ffffff-no-rj,http://www.youtube.com/@kaur5941,UCmggANP408jwCSw-fD-Qx7A,True,none,3,2024-10-01T08:01:00Z,2024-10-01T08:01:00Z,True,1,True,"[{'kind': 'youtube#comment', 'etag': 'jMGjDJR22OIEsySI2vku14Rb0tE', 'id': 'UgwmTK9THySJhlDjUT94AaABAg.A92FCVqHyfKA94lJeEc2eA', 'snippet': {'channelId': 'UC5I6U4WuS_qYQZhrMExJ5ZQ', 'videoId': 'YbU7_ojR04U', 'textDisplay': 'All the best.. you can do it 👍🏻😊🙌🏼', 'textOriginal': 'All the best.. you can do it 👍🏻😊🙌🏼', 'parentId': 'UgwmTK9THySJhlDjUT94AaABAg', 'authorDisplayName': '@HumTumInEngland', 'authorProfileImageUrl': 'https://yt3.ggpht.com/ytc/AIdro_mIVnmubX06T2N-2hDLKgO-x0jr1GAfCjKNRJ-D6zJSaw=s48-c-k-c0x00ffffff-no-rj', 'authorChannelUrl': 'http://www.youtube.com/@HumTumInEngland', 'authorChannelId': {'value': 'UC5I6U4WuS_qYQZhrMExJ5ZQ'}, 'canRate': True, 'viewerRating': 'none', 'likeCount': 1, 'publishedAt': '2024-10-02T07:28:49Z', 'updatedAt': '2024-10-02T07:28:49Z'}}]"
youtube#commentThread,Gl4y8KueFUJlCVRPVJYnhGKfX-A,Ugx-Z8pSxecDAmAYh5V4AaABAg,UC5I6U4WuS_qYQZhrMExJ5ZQ,YbU7_ojR04U,youtube#comment,ua_aBCfwgD8e_kI_BE7QXfHTL5Y,Ugx-Z8pSxecDAmAYh5V4AaABAg,UC5I6U4WuS_qYQZhrMExJ5ZQ,YbU7_ojR04U,"Hi, If we are living in UK from 3 year on visa before on student visa and now on skilled worker than also need 25% deposit for buy first house in UK.","Hi, If we are living in UK from 3 year on visa before on student visa and now on skilled worker than also need 25% deposit for buy first house in UK.",@parminderkaurhundal-v8d,https://yt3.ggpht.com/ytc/AIdro_kn8JEJqukStMSOopg9Be7FuBFVrTmKIaGA-0ACSgv_DbaSm1aYIRQtV5lP9Vm9fOadYg=s48-c-k-c0x00ffffff-no-rj,http://www.youtube.com/@parminderkaurhundal-v8d,UCzdts1fkEIDWrfdzfu1Ovww,True,none,2,2024-10-01T07:18:03Z,2024-10-01T07:18:03Z,True,2,True,"[{'kind': 'youtube#comment', 'etag': 'ux180lwZ5EpCXgTUDMn2hF7uQqQ', 'id': 'Ugx-Z8pSxecDAmAYh5V4AaABAg.A92AI-OaHmIA94lPTW7L_c', 'snippet': {'channelId': 'UC5I6U4WuS_qYQZhrMExJ5ZQ', 'videoId': 'YbU7_ojR04U', 'textDisplay': 'You need to check with financial advisor.. you might be able to get it with 10% deposit only', 'textOriginal': 'You need to check with financial advisor.. you might be able to get it with 10% deposit only', 'parentId': 'Ugx-Z8pSxecDAmAYh5V4AaABAg', 'authorDisplayName': '@HumTumInEngland', 'authorProfileImageUrl': 'https://yt3.ggpht.com/ytc/AIdro_mIVnmubX06T2N-2hDLKgO-x0jr1GAfCjKNRJ-D6zJSaw=s48-c-k-c0x00ffffff-no-rj', 'authorChannelUrl': 'http://www.youtube.com/@HumTumInEngland', 'authorChannelId': {'value': 'UC5I6U4WuS_qYQZhrMExJ5ZQ'}, 'canRate': True, 'viewerRating': 'none', 'likeCount': 0, 'publishedAt': '2024-10-02T07:29:36Z', 'updatedAt': '2024-10-02T07:29:36Z'}}, {'kind': 'youtube#comment', 'etag': 'KxRMXJRY9UOKHCWkZMDqfRuvhFs', 'id': 'Ugx-Z8pSxecDAmAYh5V4AaABAg.A92AI-OaHmIA95Jbdzuias', 'snippet': {'channelId': 'UC5I6U4WuS_qYQZhrMExJ5ZQ', 'videoId': 'YbU7_ojR04U', 'textDisplay': 'Thanks', 'textOriginal': 'Thanks', 'parentId': 'Ugx-Z8pSxecDAmAYh5V4AaABAg', 'authorDisplayName': '@parminderkaurhundal-v8d', 'authorProfileImageUrl': 'https://yt3.ggpht.com/ytc/AIdro_kn8JEJqukStMSOopg9Be7FuBFVrTmKIaGA-0ACSgv_DbaSm1aYIRQtV5lP9Vm9fOadYg=s48-c-k-c0x00ffffff-no-rj', 'authorChannelUrl': 'http://www.youtube.com/@parminderkaurhundal-v8d', 'authorChannelId': {'value': 'UCzdts1fkEIDWrfdzfu1Ovww'}, 'canRate': True, 'viewerRating': 'none', 'likeCount': 0, 'publishedAt': '2024-10-02T12:37:14Z', 'updatedAt': '2024-10-02T12:37:14Z'}}]"
youtube#commentThread,oMxi8fNn3l8vrhVoXja2_SGi5D0,UgySVV_cjqElLEqNEUF4AaABAg,UC5I6U4WuS_qYQZhrMExJ5ZQ,YbU7_ojR04U,youtube#comment,PMaXPYLQxWw3r8MeKGgjq_UuSq4,UgySVV_cjqElLEqNEUF4AaABAg,UC5I6U4WuS_qYQZhrMExJ5ZQ,YbU7_ojR04U,Congratulations bro and di,Congratulations bro and di,@crrathod2497,https://yt3.ggpht.com/ytc/AIdro_nBDeZ9mqdIFB9ZVjY1L_Zestnzoo5Sf1l4wqCS9M9x7GOn4Ieia6TOKEF-97zhMtLXgw=s48-c-k-c0x00ffffff-no-rj,http://www.youtube.com/@crrathod2497,UCP4-IvdVFs4PKs15-FKUh-Q,True,none,0,2024-10-01T06:06:12Z,2024-10-01T06:06:12Z,True,1,True,"[{'kind': 'youtube#comment', 'etag': 'PfChj-iu0kdS-BRJ3p26ZlNPOhQ', 'id': 'UgySVV_cjqElLEqNEUF4AaABAg.A9223ls4lrzA94lQFBENmV', 'snippet': {'channelId': 'UC5I6U4WuS_qYQZhrMExJ5ZQ', 'videoId': 'YbU7_ojR04U', 'textDisplay': 'Thank you so much', 'textOriginal': 'Thank you so much', 'parentId': 'UgySVV_cjqElLEqNEUF4AaABAg', 'authorDisplayName': '@HumTumInEngland', 'authorProfileImageUrl': 'https://yt3.ggpht.com/ytc/AIdro_mIVnmubX06T2N-2hDLKgO-x0jr1GAfCjKNRJ-D6zJSaw=s48-c-k-c0x00ffffff-no-rj', 'authorChannelUrl': 'http://www.youtube.com/@HumTumInEngland', 'authorChannelId': {'value': 'UC5I6U4WuS_qYQZhrMExJ5ZQ'}, 'canRate': True, 'viewerRating': 'none', 'likeCount': 0, 'publishedAt': '2024-10-02T07:29:42Z', 'updatedAt': '2024-10-02T07:29:42Z'}}]"
youtube#commentThread,B6ETfg9PkJjNctEgMsVD6BQQ5JI,UgyRaj1LBDbYi8HKwbl4AaABAg,UC5I6U4WuS_qYQZhrMExJ5ZQ,YbU7_ojR04U,youtube#comment,6wKIcKeFYe255NxOYGQR-8-XeLI,UgyRaj1LBDbYi8HKwbl4AaABAg,UC5I6U4WuS_qYQZhrMExJ5ZQ,YbU7_ojR04U,Here after arjuna harjayai,Here after arjuna harjayai,@rehanabashir9430,https://yt3.ggpht.com/ytc/AIdro_lTwEGa0nQIdIxM25uvAPHSG_N3_c4ommFQHjZtXZE=s48-c-k-c0x00ffffff-no-rj,http://www.youtube.com/@rehanabashir9430,UCpsZ1YOpB7aBDmQbN5f9emQ,True,none,1,2024-10-01T06:01:50Z,2024-10-01T06:01:50Z,True,0,True,
youtube#commentThread,0LDtsBKyu8kNkRuPBOzW2dRTqb4,UgzJzrXU3vQ7ki0RpQt4AaABAg,UC5I6U4WuS_qYQZhrMExJ5ZQ,YbU7_ojR04U,youtube#comment,7mPVPWAIwOOdqnjpzxqjQqCHWrg,UgzJzrXU3vQ7ki0RpQt4AaABAg,UC5I6U4WuS_qYQZhrMExJ5ZQ,YbU7_ojR04U,Congratulation to lovely couple❤,Congratulation to lovely couple❤,@manishavyas5872,https://yt3.ggpht.com/ytc/AIdro_nWBkhs3XZcENi1MSPCdcXzpUjnMm2sZJbVobSifX-nvmmNb8bXfpOmj_RTnLGbL03qbA=s48-c-k-c0x00ffffff-no-rj,http://www.youtube.com/@manishavyas5872,UCVMSG6OhFWTtTvKDGR4IXmQ,True,none,1,2024-10-01T05:56:19Z,2024-10-01T05:56:19Z,True,1,True,"[{'kind': 'youtube#comment', 'etag': 'dYkhRGQUEJgYnGovFe5MntfC790', 'id': 'UgzJzrXU3vQ7ki0RpQt4AaABAg.A920wP0ELB2A94lRgFUTR6', 'snippet': {'channelId': 'UC5I6U4WuS_qYQZhrMExJ5ZQ', 'videoId': 'YbU7_ojR04U', 'textDisplay': 'Thank you!! 😊', 'textOriginal': 'Thank you!! 😊', 'parentId': 'UgzJzrXU3vQ7ki0RpQt4AaABAg', 'authorDisplayName': '@HumTumInEngland', 'authorProfileImageUrl': 'https://yt3.ggpht.com/ytc/AIdro_mIVnmubX06T2N-2hDLKgO-x0jr1GAfCjKNRJ-D6zJSaw=s48-c-k-c0x00ffffff-no-rj', 'authorChannelUrl': 'http://www.youtube.com/@HumTumInEngland', 'authorChannelId': {'value': 'UC5I6U4WuS_qYQZhrMExJ5ZQ'}, 'canRate': True, 'viewerRating': 'none', 'likeCount': 0, 'publishedAt': '2024-10-02T07:29:54Z', 'updatedAt': '2024-10-02T07:29:54Z'}}]"
youtube#commentThread,5mXR0ao4yGHHm0EEZwjKceJt97c,UgwydxGUPuyQdpPRzb54AaABAg,UC5I6U4WuS_qYQZhrMExJ5ZQ,YbU7_ojR04U,youtube#comment,qwUQJ-no6B0lqvUlFDsVFCptYHY,UgwydxGUPuyQdpPRzb54AaABAg,UC5I6U4WuS_qYQZhrMExJ5ZQ,YbU7_ojR04U,Good morning dear both of you ❤❤ God bless ❤❤❤,Good morning dear both of you ❤❤ God bless ❤❤❤,@neerajkumar-pg6um,https://yt3.ggpht.com/ytc/AIdro_m75VnH-7KLBHzZGhBC4rX8VMqGHDjjaZuzg3U2wpo=s48-c-k-c0x00ffffff-no-rj,http://www.youtube.com/@neerajkumar-pg6um,UCsYz-PY2R8yQiNjmxZtmV-w,True,none,0,2024-10-01T05:23:01Z,2024-10-01T05:23:01Z,True,0,True,
youtube#commentThread,Xnv68Jonxu1JArc_ta5IsWxtrgY,Ugz-sPueI9xMwlOsAyF4AaABAg,UC5I6U4WuS_qYQZhrMExJ5ZQ,YbU7_ojR04U,youtube#comment,V64dakqPB1pIcJn2ofIsEHyRqgY,Ugz-sPueI9xMwlOsAyF4AaABAg,UC5I6U4WuS_qYQZhrMExJ5ZQ,YbU7_ojR04U,"Such a lovely gesture from your neighbours, that’s very sweet… take care of yourselves as it’s going to be hectic settling in as well… are you guys living in the same locality or a new one?","Such a lovely gesture from your neighbours, that’s very sweet… take care of yourselves as it’s going to be hectic settling in as well… are you guys living in the same locality or a new one?",@anishajayprabhu,https://yt3.ggpht.com/ytc/AIdro_maX1fBFjFQBtoOkt1nFDITB3X1ByWAGRw2daTHUB6sBpI=s48-c-k-c0x00ffffff-no-rj,http://www.youtube.com/@anishajayprabhu,UC-zP094y43_-2CtZuJykBfQ,True,none,1,2024-10-01T04:02:59Z,2024-10-01T04:02:59Z,True,0,True,
youtube#commentThread,aG99ptlxRezyhW8L81-Vtp_gA6w,Ugx7sRg--1dAo7i66mB4AaABAg,UC5I6U4WuS_qYQZhrMExJ5ZQ,YbU7_ojR04U,youtube#comment,5g3Tri90wn0zTT92eCwclCzhys4,Ugx7sRg--1dAo7i66mB4AaABAg,UC5I6U4WuS_qYQZhrMExJ5ZQ,YbU7_ojR04U,Congratulations 🎉,Congratulations 🎉,@KD-gu9ed,https://yt3.ggpht.com/ytc/AIdro_lRt6WW5Mx5FaSdPV8ixuBiNJFziWhpT_Q-GYTOIS-GLMjrDl8d6eWdF16o0T_syLL2Vw=s48-c-k-c0x00ffffff-no-rj,http://www.youtube.com/@KD-gu9ed,UCMAi6Sv4ScZc1x4sYcw20Rg,True,none,1,2024-10-01T03:30:08Z,2024-10-01T03:30:08Z,True,0,True,
youtube#commentThread,V_2zDa0Kda_fpS5TNdUsMQ8Jw4g,UgwzbhUxcJzAO6pmHmd4AaABAg,UC5I6U4WuS_qYQZhrMExJ5ZQ,YbU7_ojR04U,youtube#comment,5tFAz-UAZ8jfzwFdsdSrjRBEHxY,UgwzbhUxcJzAO6pmHmd4AaABAg,UC5I6U4WuS_qYQZhrMExJ5ZQ,YbU7_ojR04U,"Very emotional 😊I think we can understand the mixed feelings, anyways o see u people happy❤❤❤❤❤","Very emotional 😊I think we can understand the mixed feelings, anyways o see u people happy❤❤❤❤❤",@sumansharma-i7k,https://yt3.ggpht.com/ytc/AIdro_m5FDo2DrUC36brk55rpmJ-r5xHqrD2Im_Adj0QZ3pJ8RTmHQfr9SjYaQBf53TRiptLnw=s48-c-k-c0x00ffffff-no-rj,http://www.youtube.com/@sumansharma-i7k,UCZ69wo6FWiRIZAqyaxw5cnw,True,none,1,2024-10-01T01:51:53Z,2024-10-01T01:51:53Z,True,0,True,
youtube#commentThread,pP9EOOpw7lK0-C6-IGYznJuOJiw,UgydzrtUA9aqNrunUZR4AaABAg,UC5I6U4WuS_qYQZhrMExJ5ZQ,YbU7_ojR04U,youtube#comment,BS1iyyrin7EpSnZ4_iZcIGzdQeg,UgydzrtUA9aqNrunUZR4AaABAg,UC5I6U4WuS_qYQZhrMExJ5ZQ,YbU7_ojR04U,We also bought 3 Rd house in Melbourne,We also bought 3 Rd house in Melbourne,@shivikamarwaha9130,https://yt3.ggpht.com/ytc/AIdro_n3EsA7nvV4FsQommflmUql7nl7zVOQTug_hkTIQvk=s48-c-k-c0x00ffffff-no-rj,http://www.youtube.com/@shivikamarwaha9130,UCj8fzU8h00npKaAoA1WwhhA,True,none,1,2024-09-30T23:29:29Z,2024-09-30T23:29:29Z,True,0,True,
youtube#commentThread,xXQzX1CpnsKpzvhdFhNKhP_P7MI,Ugzzp60qPqQ_mZ0pl5F4AaABAg,UC5I6U4WuS_qYQZhrMExJ5ZQ,YbU7_ojR04U,youtube#comment,rBiqMqBhimVWqm42gpYQmsOPY-U,Ugzzp60qPqQ_mZ0pl5F4AaABAg,UC5I6U4WuS_qYQZhrMExJ5ZQ,YbU7_ojR04U,msttress 529 now 659😂😂... we want one badly..but no discount on ths,msttress 529 now 659😂😂... we want one badly..but no discount on ths,@Pavis_Blog,https://yt3.ggpht.com/TCeKerEMyUlLlsBLaL1AJaaNkA5JBrs9TxPXCJw5hSbqVPo1r5WjImnAPMMxa06EASuhvkWfXA=s48-c-k-c0x00ffffff-no-rj,http://www.youtube.com/@Pavis_Blog,UCZNp20lAD5C-8w3eCNbQesA,True,none,1,2024-09-30T23:27:21Z,2024-09-30T23:27:21Z,True,0,True,
youtube#commentThread,YHM_72njTRkCrZzCXFtXpgl4ZK8,UgxeMLXbkk_z4KSMwTt4AaABAg,UC5I6U4WuS_qYQZhrMExJ5ZQ,YbU7_ojR04U,youtube#comment,vPdO7l2tkxkzNM1SuP-m9uCD9wE,UgxeMLXbkk_z4KSMwTt4AaABAg,UC5I6U4WuS_qYQZhrMExJ5ZQ,YbU7_ojR04U,Congratulations again 🎉nice vlog ❤️,Congratulations again 🎉nice vlog ❤️,@SandeepKaur-mz4tt,https://yt3.ggpht.com/ytc/AIdro_laD8JMl5Bi9U10PbHpTyHIwX6Qnx2c0PqCeo-3m0M=s48-c-k-c0x00ffffff-no-rj,http://www.youtube.com/@SandeepKaur-mz4tt,UCLV6EtDkuwSgDEEmHyDG05w,True,none,0,2024-09-30T23:23:29Z,2024-09-30T23:23:29Z,True,1,True,"[{'kind': 'youtube#comment', 'etag': 'FY3_V-DUSU7pL18FeDp5NPdGEWs', 'id': 'UgxeMLXbkk_z4KSMwTt4AaABAg.A91JzD2k5opA94ljwMNzGL', 'snippet': {'channelId': 'UC5I6U4WuS_qYQZhrMExJ5ZQ', 'videoId': 'YbU7_ojR04U', 'textDisplay': 'Thank you!! 😊', 'textOriginal': 'Thank you!! 😊', 'parentId': 'UgxeMLXbkk_z4KSMwTt4AaABAg', 'authorDisplayName': '@HumTumInEngland', 'authorProfileImageUrl': 'https://yt3.ggpht.com/ytc/AIdro_mIVnmubX06T2N-2hDLKgO-x0jr1GAfCjKNRJ-D6zJSaw=s48-c-k-c0x00ffffff-no-rj', 'authorChannelUrl': 'http://www.youtube.com/@HumTumInEngland', 'authorChannelId': {'value': 'UC5I6U4WuS_qYQZhrMExJ5ZQ'}, 'canRate': True, 'viewerRating': 'none', 'likeCount': 0, 'publishedAt': '2024-10-02T07:32:32Z', 'updatedAt': '2024-10-02T07:32:32Z'}}]"
youtube#commentThread,oZu6S-1ZiAPm6eYHpEaLuNzjV5E,UgznSCSxGP18n8apeUR4AaABAg,UC5I6U4WuS_qYQZhrMExJ5ZQ,YbU7_ojR04U,youtube#comment,H3EkamswL6uXBNqqiqJhJj2cLoY,UgznSCSxGP18n8apeUR4AaABAg,UC5I6U4WuS_qYQZhrMExJ5ZQ,YbU7_ojR04U,❤🎉,❤🎉,@meenabhavsar6089,https://yt3.ggpht.com/ytc/AIdro_nasZ2n7bh7WnO_VV6M-VbseUIFsGtJGDpeozqDSqoDzxA=s48-c-k-c0x00ffffff-no-rj,http://www.youtube.com/@meenabhavsar6089,UCVOk-mjRuIizWVy_Qciuzeg,True,none,0,2024-09-30T22:53:40Z,2024-09-30T22:53:40Z,True,0,True,
youtube#commentThread,PRm5TK6wotvvBE8cYeVoh5TLsco,UgwejbNJVANXwSRy2Ex4AaABAg,UC5I6U4WuS_qYQZhrMExJ5ZQ,YbU7_ojR04U,youtube#comment,JC3bTA-l66SjpA1VG01F5XWwIIM,UgwejbNJVANXwSRy2Ex4AaABAg,UC5I6U4WuS_qYQZhrMExJ5ZQ,YbU7_ojR04U,M feeling my brother n sister bought a new house ❤❤❤❤ many many duas for you both,M feeling my brother n sister bought a new house ❤❤❤❤ many many duas for you both,@swanky.sundas,https://yt3.ggpht.com/ytc/AIdro_m1LxjfdavPZdoJZD0iGxxSQaF_rA7J76ts8mhXc1cEJTU=s48-c-k-c0x00ffffff-no-rj,http://www.youtube.com/@swanky.sundas,UCXaGFBZKJgqgt0QNJAzfdJg,True,none,0,2024-09-30T22:18:02Z,2024-09-30T22:18:02Z,True,0,True,
youtube#commentThread,VeDuzylxoI5WeCHCzVC5GjKrQEI,Ugwh8s7YYCiZnrb2B_14AaABAg,UC5I6U4WuS_qYQZhrMExJ5ZQ,YbU7_ojR04U,youtube#comment,gvNlAzzqZCzu0FJafwRu2DibY7A,Ugwh8s7YYCiZnrb2B_14AaABAg,UC5I6U4WuS_qYQZhrMExJ5ZQ,YbU7_ojR04U,Congratulations for your beautiful house 🏡,Congratulations for your beautiful house 🏡,@Notorious93,https://yt3.ggpht.com/bNBGLF7zd1fJkN6a-Ea8gqvk0sNTiOdoghqjLj2WkL2V_SF-mYwtgO4D3HucNydWIfjZqL-KZSA=s48-c-k-c0x00ffffff-no-rj,http://www.youtube.com/@Notorious93,UCHSMEjA1nsqykGUHzOVKNLA,True,none,1,2024-09-30T21:57:34Z,2024-09-30T21:57:34Z,True,0,True,
youtube#commentThread,zahiGTexYsdLN1a0eIlu7XkT3uo,Ugzjfze5cA57I-445Qd4AaABAg,UC5I6U4WuS_qYQZhrMExJ5ZQ,YbU7_ojR04U,youtube#comment,V2l3adg3kJBZXdbqGyL89SP52Z0,Ugzjfze5cA57I-445Qd4AaABAg,UC5I6U4WuS_qYQZhrMExJ5ZQ,YbU7_ojR04U,Which website did youorder the dining table,Which website did youorder the dining table,@SuzanFernandes-fq3jm,https://yt3.ggpht.com/ytc/AIdro_kSGfJDEc-ehaGCvwnyuNBr8kfhML-Yew76Nj8hUUSrrke4-fZIU5cLYjQMy1xZcxRHzA=s48-c-k-c0x00ffffff-no-rj,http://www.youtube.com/@SuzanFernandes-fq3jm,UC7x3A1Roac6B7cA80lwpI0w,True,none,1,2024-09-30T21:17:17Z,2024-09-30T21:17:17Z,True,1,True,"[{'kind': 'youtube#comment', 'etag': 'biyknC152eD1Hxu9cOYGcWK7QYc', 'id': 'Ugzjfze5cA57I-445Qd4AaABAg.A915XmBWykDA94lxVFaVsM', 'snippet': {'channelId': 'UC5I6U4WuS_qYQZhrMExJ5ZQ', 'videoId': 'YbU7_ojR04U', 'textDisplay': 'from the store Furniture village', 'textOriginal': 'from the store Furniture village', 'parentId': 'Ugzjfze5cA57I-445Qd4AaABAg', 'authorDisplayName': '@HumTumInEngland', 'authorProfileImageUrl': 'https://yt3.ggpht.com/ytc/AIdro_mIVnmubX06T2N-2hDLKgO-x0jr1GAfCjKNRJ-D6zJSaw=s48-c-k-c0x00ffffff-no-rj', 'authorChannelUrl': 'http://www.youtube.com/@HumTumInEngland', 'authorChannelId': {'value': 'UC5I6U4WuS_qYQZhrMExJ5ZQ'}, 'canRate': True, 'viewerRating': 'none', 'likeCount': 0, 'publishedAt': '2024-10-02T07:34:23Z', 'updatedAt': '2024-10-02T07:34:23Z'}}]"
youtube#commentThread,HGV6MCiCaTNPgH5Us9dzgoacg6I,UgzY6py1yBHi-MZk7F94AaABAg,UC5I6U4WuS_qYQZhrMExJ5ZQ,YbU7_ojR04U,youtube#comment,cO0U-wzCNYdSHLUKRCnUetCUn14,UgzY6py1yBHi-MZk7F94AaABAg,UC5I6U4WuS_qYQZhrMExJ5ZQ,YbU7_ojR04U,Which area did you buy the house?,Which area did you buy the house?,@surbhirai1864,https://yt3.ggpht.com/ytc/AIdro_mA2DGLdwsWmA1kRbVVbNo5bURUmZ_mxSlMhGxfd3_K5ktC=s48-c-k-c0x00ffffff-no-rj,http://www.youtube.com/@surbhirai1864,UCuGytqyBw3_2Zp8t8zsYB5A,True,none,2,2024-09-30T21:03:55Z,2024-09-30T21:03:55Z,True,0,True,
youtube#commentThread,XsJPxAbv4xKQeMBi7s6oIT282uM,Ugz3DunaOEzYeUgMY8t4AaABAg,UC5I6U4WuS_qYQZhrMExJ5ZQ,YbU7_ojR04U,youtube#comment,hB23BarSf5bhG-mr7oauenbwinc,Ugz3DunaOEzYeUgMY8t4AaABAg,UC5I6U4WuS_qYQZhrMExJ5ZQ,YbU7_ojR04U,Congratulations on your new home... where is your dining table and chairs from please?,Congratulations on your new home... where is your dining table and chairs from please?,@SL8562-d,https://yt3.ggpht.com/ytc/AIdro_k7MY49Xcb7eIQ3cJVdXf563ATqlxESgeuEqBQSZmjAi4DBWNjMA6W6zq6M3skEO4xei7E=s48-c-k-c0x00ffffff-no-rj,http://www.youtube.com/@SL8562-d,UCSqj0Cr6vNU47IicD6b6fPA,True,none,0,2024-09-30T20:53:02Z,2024-09-30T20:53:02Z,True,2,True,"[{'kind': 'youtube#comment', 'etag': 'b1mqwZE17R8ejFrlA5Anfi6CQKg', 'id': 'Ugz3DunaOEzYeUgMY8t4AaABAg.A912lBFqe6iA94m3uiPyQ3', 'snippet': {'channelId': 'UC5I6U4WuS_qYQZhrMExJ5ZQ', 'videoId': 'YbU7_ojR04U', 'textDisplay': 'thanks.. Furniture village', 'textOriginal': 'thanks.. Furniture village', 'parentId': 'Ugz3DunaOEzYeUgMY8t4AaABAg', 'authorDisplayName': '@HumTumInEngland', 'authorProfileImageUrl': 'https://yt3.ggpht.com/ytc/AIdro_mIVnmubX06T2N-2hDLKgO-x0jr1GAfCjKNRJ-D6zJSaw=s48-c-k-c0x00ffffff-no-rj', 'authorChannelUrl': 'http://www.youtube.com/@HumTumInEngland', 'authorChannelId': {'value': 'UC5I6U4WuS_qYQZhrMExJ5ZQ'}, 'canRate': True, 'viewerRating': 'none', 'likeCount': 1, 'publishedAt': '2024-10-02T07:35:24Z', 'updatedAt': '2024-10-02T07:35:24Z'}}, {'kind': 'youtube#comment', 'etag': '6KL1SeyJNB2gEyU3B2LuTi1i_as', 'id': 'Ugz3DunaOEzYeUgMY8t4AaABAg.A912lBFqe6iAC7QgxRmQiz', 'snippet': {'channelId': 'UC5I6U4WuS_qYQZhrMExJ5ZQ', 'videoId': 'YbU7_ojR04U', 'textDisplay': 'Did you move out of Leamington? Which area did you move to?\u200b@@HumTumInEngland', 'textOriginal': 'Did you move out of Leamington? Which area did you move to?\u200b@@HumTumInEngland', 'parentId': 'Ugz3DunaOEzYeUgMY8t4AaABAg', 'authorDisplayName': '@sagarpoptani8403', 'authorProfileImageUrl': 'https://yt3.ggpht.com/ytc/AIdro_n-8zPdGDTcxxihWWUoTQUk-tR-fNFSt5lWyjxYNoFqE_8=s48-c-k-c0x00ffffff-no-rj', 'authorChannelUrl': 'http://www.youtube.com/@sagarpoptani8403', 'authorChannelId': {'value': 'UCLbUbv-ZFb2pX2rKtbcqLYA'}, 'canRate': True, 'viewerRating': 'none', 'likeCount': 0, 'publishedAt': '2024-12-16T21:51:47Z', 'updatedAt': '2024-12-16T21:51:47Z'}}]"
youtube#commentThread,z3ORbfuAA5sl4p_7fnT50VwT-T0,UgzacK1HTh1k6ybryQJ4AaABAg,UC5I6U4WuS_qYQZhrMExJ5ZQ,YbU7_ojR04U,youtube#comment,Y-rzx_p50ZBjVAfvSR2cb-slYcE,UgzacK1HTh1k6ybryQJ4AaABAg,UC5I6U4WuS_qYQZhrMExJ5ZQ,YbU7_ojR04U,Thanks for 1.7k subscribers ❤,Thanks for 1.7k subscribers ❤,@travelwithimranidrees,https://yt3.ggpht.com/OXbfQrfZ9KPkF6pyzvyGWhSnlsHO-memOii2RdVClrXHUzdn8JZl9tIGUnQQCY1Up29Cdbch3Q=s48-c-k-c0x00ffffff-no-rj,http://www.youtube.com/@travelwithimranidrees,UCN5huJ_LAQJCEJCChWb5rjw,True,none,1,2024-09-30T20:43:33Z,2024-09-30T20:43:33Z,True,0,True,
youtube#commentThread,XwfephtJMOGZL8yqEC_kgFlolSE,UgzoKxTIr5_pYj93zcN4AaABAg,UC5I6U4WuS_qYQZhrMExJ5ZQ,YbU7_ojR04U,youtube#comment,nl6_h-SCbCOLaK9MMNa33eu0l0k,UgzoKxTIr5_pYj93zcN4AaABAg,UC5I6U4WuS_qYQZhrMExJ5ZQ,YbU7_ojR04U,Sir madam mubarak ho pr ap ko pechli vedio ma bi msg kya jwab ni dya or sir pehle bi apki kitni vedios pr msg krta rehta hon ap jwab ni dete,Sir madam mubarak ho pr ap ko pechli vedio ma bi msg kya jwab ni dya or sir pehle bi apki kitni vedios pr msg krta rehta hon ap jwab ni dete,@sunnyaijaz,https://yt3.ggpht.com/5zwWSm_x9x7HNHWox-gk6J9m4TDduozUbd4AlVle_UdIaeL-hxyzx6TLofL5ERrkJPKwtHEXTQ=s48-c-k-c0x00ffffff-no-rj,http://www.youtube.com/@sunnyaijaz,UCuHKqJ_lm9CGb_VrYjkM3KA,True,none,2,2024-09-30T19:57:55Z,2024-09-30T19:57:55Z,True,0,True,
youtube#commentThread,N0eFxRLW4dOfa8Ug_YekGMIhblo,UgxojbWnL-zKsJkoxvV4AaABAg,UC5I6U4WuS_qYQZhrMExJ5ZQ,YbU7_ojR04U,youtube#comment,8zX-Dpi1W_3YNjmYsOjC9v6GZOI,UgxojbWnL-zKsJkoxvV4AaABAg,UC5I6U4WuS_qYQZhrMExJ5ZQ,YbU7_ojR04U,Congratulations to your new home,Congratulations to your new home,@faridaaasi2534,https://yt3.ggpht.com/ytc/AIdro_kDTcjSM7XhiVx_XQI8ZOiSYKGOA5CnCHg5CDYyQv4=s48-c-k-c0x00ffffff-no-rj,http://www.youtube.com/@faridaaasi2534,UC0a9hyO60FOzHU6k1LphbVA,True,none,1,2024-09-30T19:55:14Z,2024-09-30T19:55:14Z,True,0,True,
youtube#commentThread,Ttc-Eqv2CJnJ0RjDEhYDbV3rCrs,Ugz87D4E8FJ1mgsO47x4AaABAg,UC5I6U4WuS_qYQZhrMExJ5ZQ,YbU7_ojR04U,youtube#comment,dsQyN4zP_8yGoBEpRJrVThQM9DI,Ugz87D4E8FJ1mgsO47x4AaABAg,UC5I6U4WuS_qYQZhrMExJ5ZQ,YbU7_ojR04U,Can you share daining table link please,Can you share daining table link please,@ayeshasaleem6667,https://yt3.ggpht.com/ytc/AIdro_lXNBnVor2T5FVc9Go-w378cXn6JmX-YLkW1G6mVZyFzwgLjg01XTaBOrjvCuKmfuRq9g=s48-c-k-c0x00ffffff-no-rj,http://www.youtube.com/@ayeshasaleem6667,UCQSltD09kGvb3QcYh24DpIA,True,none,1,2024-09-30T19:30:52Z,2024-09-30T19:30:52Z,True,1,True,"[{'kind': 'youtube#comment', 'etag': 't8ZtRclwqOhzBNA4CDDgk8GzM8A', 'id': 'Ugz87D4E8FJ1mgsO47x4AaABAg.A90uMNzturJAAor0HFFnOf', 'snippet': {'channelId': 'UC5I6U4WuS_qYQZhrMExJ5ZQ', 'videoId': 'YbU7_ojR04U', 'textDisplay': 'Yes please can you send link', 'textOriginal': 'Yes please can you send link', 'parentId': 'Ugz87D4E8FJ1mgsO47x4AaABAg', 'authorDisplayName': '@ayeshasaleem6667', 'authorProfileImageUrl': 'https://yt3.ggpht.com/ytc/AIdro_lXNBnVor2T5FVc9Go-w378cXn6JmX-YLkW1G6mVZyFzwgLjg01XTaBOrjvCuKmfuRq9g=s48-c-k-c0x00ffffff-no-rj', 'authorChannelUrl': 'http://www.youtube.com/@ayeshasaleem6667', 'authorChannelId': {'value': 'UCQSltD09kGvb3QcYh24DpIA'}, 'canRate': True, 'viewerRating': 'none', 'likeCount': 0, 'publishedAt': '2024-11-14T10:54:17Z', 'updatedAt': '2024-11-14T10:54:17Z'}}]"
youtube#commentThread,63TBZMchu1psWl8G1oWKL0S0tEw,Ugz9NLOcVmjxsijj_Zl4AaABAg,UC5I6U4WuS_qYQZhrMExJ5ZQ,YbU7_ojR04U,youtube#comment,0G-P2QjBTIVeNoJr-IMiLf0xgDo,Ugz9NLOcVmjxsijj_Zl4AaABAg,UC5I6U4WuS_qYQZhrMExJ5ZQ,YbU7_ojR04U,So called &quot;indians&quot; fought hard for independence from the imperial British rule and now they&#39;re ending up living a more matured structured and harmonious lifestyle in England rather their free nation 🤣,"So called ""indians"" fought hard for independence from the imperial British rule and now they're ending up living a more matured structured and harmonious lifestyle in England rather their free nation 🤣",@optus7113,https://yt3.ggpht.com/aTYGcq_OKT5XEO5fj9bpbFiareusGJ74Nd7ejCG8hd3nrAoADE0WGrmJQfEomkUOVjBg9jWe=s48-c-k-c0x00ffffff-no-rj,http://www.youtube.com/@optus7113,UCFhU56XjBet3lHSpMsvsWaA,True,none,1,2024-09-30T19:23:36Z,2024-09-30T19:23:36Z,True,0,True,
youtube#commentThread,UXdanfebplq78pe3W3ebUwSdmqM,UgwGuBSpyptPtCFvSOF4AaABAg,UC5I6U4WuS_qYQZhrMExJ5ZQ,YbU7_ojR04U,youtube#comment,X7rZslxkbs6InVs7yE8WrRlrU7A,UgwGuBSpyptPtCFvSOF4AaABAg,UC5I6U4WuS_qYQZhrMExJ5ZQ,YbU7_ojR04U,Abi app log Kia area meh ghr lia,Abi app log Kia area meh ghr lia,@ayeshasaleem6667,https://yt3.ggpht.com/ytc/AIdro_lXNBnVor2T5FVc9Go-w378cXn6JmX-YLkW1G6mVZyFzwgLjg01XTaBOrjvCuKmfuRq9g=s48-c-k-c0x00ffffff-no-rj,http://www.youtube.com/@ayeshasaleem6667,UCQSltD09kGvb3QcYh24DpIA,True,none,0,2024-09-30T19:18:41Z,2024-09-30T19:18:41Z,True,0,True,
youtube#commentThread,sNQFmuOh7hyYLfRgTiHMBLLRqbk,UgxEF-mHN0r9miLi2U14AaABAg,UC5I6U4WuS_qYQZhrMExJ5ZQ,YbU7_ojR04U,youtube#comment,lN9xD-Bf6Xsvtfp0rouJDoGnqIY,UgxEF-mHN0r9miLi2U14AaABAg,UC5I6U4WuS_qYQZhrMExJ5ZQ,YbU7_ojR04U,Congratulations 🎉👏👏👏,Congratulations 🎉👏👏👏,@Skwriter-b8m,https://yt3.ggpht.com/JjUSrK4--hmvzR4Xw_XeS5DjTeGa0_bn5tRxQ3SG5SRgYBCIfJSEHc-oFZs6s7wD88zrAzMObiA=s48-c-k-c0x00ffffff-no-rj,http://www.youtube.com/@Skwriter-b8m,UCCb0jLMxRchhl0YC7urAoJw,True,none,0,2024-09-30T19:05:18Z,2024-09-30T19:05:18Z,True,0,True,
youtube#commentThread,C28ZCXXMhvL8hDswUNLsWW51iG4,Ugy2VA2ort1J4DEQfGZ4AaABAg,UC5I6U4WuS_qYQZhrMExJ5ZQ,YbU7_ojR04U,youtube#comment,ROJctSRspROePfuA4HZ3pRx8gSw,Ugy2VA2ort1J4DEQfGZ4AaABAg,UC5I6U4WuS_qYQZhrMExJ5ZQ,YbU7_ojR04U,Khub khub badhaiya ji❤❤,Khub khub badhaiya ji❤❤,@kartiksoni2914,https://yt3.ggpht.com/ytc/AIdro_lOd2gTLlZUkb1J-ImU91V5PWABNDLS3eBH6tiZeqw=s48-c-k-c0x00ffffff-no-rj,http://www.youtube.com/@kartiksoni2914,UCWeKFuSUfq24dwnH6pPfrMQ,True,none,0,2024-09-30T18:59:30Z,2024-09-30T18:59:30Z,True,0,True,
youtube#commentThread,6TG9dVmEuxJAplH5eyJRGXXpjEo,Ugy4euNdkSKDT3qdbxx4AaABAg,UC5I6U4WuS_qYQZhrMExJ5ZQ,YbU7_ojR04U,youtube#comment,_daR8w3dRws6CqXPI4KVuJtYpeI,Ugy4euNdkSKDT3qdbxx4AaABAg,UC5I6U4WuS_qYQZhrMExJ5ZQ,YbU7_ojR04U,❤❤,❤❤,@vandanathakkar6306,https://yt3.ggpht.com/ytc/AIdro_lSMb3fQkk7lhkp422__hD4hedEWkjoL8z16YuqGLA=s48-c-k-c0x00ffffff-no-rj,http://www.youtube.com/@vandanathakkar6306,UCXka7o_qjU4CZu_wLdJfRrw,True,none,0,2024-09-30T18:58:16Z,2024-09-30T18:58:16Z,True,0,True,
